tconst,ordering_M,nconst_M,primaryName_M,knownForTitles_M,age_M,ordering_F,nconst_F,titleType,originalTitle,isAdult,endYear,runtimeMinutes,primaryTitle,startYear,genres,primaryName_F,birthYear,deathYear,primaryProfession,knownForTitles_F,age_F,age_gap
tt0031341,1.0,nm0001537,Ray Milland,"tt0037884,tt0046912,tt0066011,tt0037415",33,2.0,nm0237655,movie,French Without Tears,0.0,\N,86.0,French Without Tears,1940,Comedy,Ellen Drew,1914,2003,"actress,soundtrack,archive_footage","tt0032338,tt0037820,tt0033916,tt0042229",26,7
tt0032220,2.0,nm0001537,Ray Milland,"tt0037884,tt0046912,tt0066011,tt0037415",33,1.0,nm0001055,movie,"Arise, My Love",0.0,\N,110.0,"Arise, My Love",1940,"Comedy,Drama,Romance",Claudette Colbert,1903,1996,"actress,soundtrack,archive_footage","tt0025316,tt0036367,tt0029929,tt0037280",37,-4
tt0032289,1.0,nm0000912,Jack Benny,"tt0042116,tt0035446,tt0033457,tt0034780",46,2.0,nm0237655,movie,Buck Benny Rides Again,0.0,\N,84.0,Buck Benny Rides Again,1940,"Adventure,Comedy,Music",Ellen Drew,1914,2003,"actress,soundtrack,archive_footage","tt0032338,tt0037820,tt0033916,tt0042229",26,20
tt0032338,1.0,nm0694090,Dick Powell,"tt0037101,tt0037615,tt0044391,tt0040695",36,2.0,nm0237655,movie,Christmas in July,0.0,\N,67.0,Christmas in July,1940,"Comedy,Drama,Romance",Ellen Drew,1914,2003,"actress,soundtrack,archive_footage","tt0032338,tt0037820,tt0033916,tt0042229",26,10
tt0032347,1.0,nm0122589,Bob Burns,"tt0030651,tt0029742,tt1572174,tt0036636",50,2.0,nm0580916,movie,Comin' Round the Mountain,0.0,\N,63.0,Comin' Round the Mountain,1940,"Comedy,Music,Romance",Una Merkel,1903,1986,"actress,miscellaneous,soundtrack","tt0055277,tt0024034,tt0055489,tt0022111",37,13
tt0032377,2.0,nm0656745,Robert Paige,"tt0036376,tt0030234,tt0031324,tt0029223",30,1.0,nm0531738,movie,Dancing on a Dime,0.0,\N,74.0,Dancing on a Dime,1940,"Comedy,Drama,Music",Grace McDonald,1918,1999,"actress,soundtrack","tt0035548,tt0034500,tt0037100,tt0034797",22,8
tt0032456,2.0,nm0749476,Charles Ruggles,"tt0055277,tt0024359,tt0039502,tt0026955",54,1.0,nm0713106,movie,The Farmer's Daughter,0.0,\N,60.0,The Farmer's Daughter,1940,"Comedy,Music,Romance",Martha Raye,1916,1994,"actress,writer,soundtrack","tt0055797,tt0088693,tt0066685,tt0028806",24,30
tt0032520,1.0,nm0001362,Bob Hope,"tt0032520,tt0031143,tt0039645,tt0045094",37,2.0,nm0002104,movie,The Ghost Breakers,0.0,\N,85.0,The Ghost Breakers,1940,Comedy,Paulette Goddard,1910,1990,"actress,producer,soundtrack","tt0032520,tt0027977,tt0033722,tt0037849",30,7
tt0032554,1.0,nm0002046,Brian Donlevy,"tt0031088,tt0041503,tt0034798,tt0050873",39,2.0,nm0029746,movie,The Great McGinty,0.0,\N,82.0,The Great McGinty,1940,Comedy,Muriel Angelus,1909,2004,actress,"tt0031572,tt0022811,tt0021961,tt0019326",31,8
tt0032619,2.0,nm0694090,Dick Powell,"tt0037101,tt0037615,tt0044391,tt0040695",36,1.0,nm0000951,movie,I Want a Divorce,0.0,\N,93.0,I Want a Divorce,1940,"Comedy,Drama",Joan Blondell,1906,1979,"actress,soundtrack,archive_footage","tt0077631,tt0059037,tt0050307,tt0079672",34,2
tt0032730,1.0,nm0000912,Jack Benny,"tt0042116,tt0035446,tt0033457,tt0034780",46,3.0,nm0552756,movie,Love Thy Neighbor,0.0,\N,82.0,Love Thy Neighbor,1940,"Comedy,Musical",Mary Martin,1913,1990,"actress,miscellaneous,producer","tt0054176,tt0046637,tt0036461,tt0033396",27,19
tt0032843,1.0,nm0615108,Ken Murray,"tt0056217,tt0032843,tt0060420,tt0039188",37,2.0,nm0387556,movie,A Night at Earl Carroll's,0.0,\N,62.0,A Night at Earl Carroll's,1940,"Comedy,Crime,Musical",Rose Hobart,1906,2000,"actress,soundtrack,archive_footage","tt0022835,tt0037611,tt0021074,tt0033747",34,3
tt0032876,1.0,nm0749476,Charles Ruggles,"tt0055277,tt0024359,tt0039502,tt0026955",54,2.0,nm0517578,movie,Opened by Mistake,0.0,\N,67.0,Opened by Mistake,1940,"Comedy,Crime,Mystery",Janice Logan,1915,1965,actress,"tt0032412,tt0032876,tt0221249,tt0032077",25,29
tt0032957,1.0,nm0606998,Wayne Morris,"tt0050825,tt0034204,tt0041486,tt0029080",26,3.0,nm0197713,movie,The Quarterback,0.0,\N,74.0,The Quarterback,1940,Comedy,Virginia Dale,1917,1994,"actress,soundtrack,archive_footage","tt0034862,tt0031221,tt0031031,tt0040296",23,3
tt0032986,1.0,nm0001078,Bing Crosby,"tt0047673,tt0049314,tt0036872,tt0046874",37,2.0,nm0552756,movie,Rhythm on the River,0.0,\N,92.0,Rhythm on the River,1940,"Comedy,Musical",Mary Martin,1913,1990,"actress,miscellaneous,producer","tt0054176,tt0046637,tt0036461,tt0033396",27,10
tt0032993,1.0,nm0001078,Bing Crosby,"tt0047673,tt0049314,tt0036872,tt0046874",37,3.0,nm0483787,movie,Road to Singapore,0.0,\N,85.0,Road to Singapore,1940,"Comedy,Musical,Romance",Dorothy Lamour,1914,1996,"actress,soundtrack,archive_footage","tt0092796,tt0032993,tt0057007,tt0039645",26,11
tt0033029,1.0,nm0000001,Fred Astaire,"tt0072308,tt0050419,tt0053137,tt0027125",41,2.0,nm0002104,movie,Second Chorus,0.0,\N,84.0,Second Chorus,1940,"Comedy,Musical,Romance",Paulette Goddard,1910,1990,"actress,producer,soundtrack","tt0032520,tt0027977,tt0033722,tt0037849",30,11
tt0033039,1.0,nm0178114,Jackie Cooper,"tt0078346,tt0081573,tt0086393,tt0094074",18,2.0,nm0275897,movie,Seventeen,0.0,\N,78.0,Seventeen,1940,"Comedy,Drama",Betty Field,1916,1973,"actress,soundtrack,archive_footage","tt0031742,tt0033409,tt0048491,tt0050839",24,-6
tt0033155,1.0,nm0000034,William Holden,"tt0046359,tt0047437,tt0043014,tt0074958",22,2.0,nm0335748,movie,Those Were the Days!,0.0,\N,74.0,Those Were the Days!,1940,"Comedy,Romance",Bonita Granville,1923,1988,"producer,actress,director","tt0035140,tt0030442,tt0030491,tt0028356",17,5
tt0033442,1.0,nm0634313,Lloyd Nolan,"tt0091167,tt0062575,tt0065377,tt0071455",39,2.0,nm0601073,movie,Buy Me That Town,0.0,\N,70.0,Buy Me That Town,1941,"Comedy,Drama,Mystery",Constance Moore,1920,2005,"actress,soundtrack,archive_footage","tt0036619,tt0032290,tt0037636,tt0033442",21,18
tt0033455,1.0,nm0001362,Bob Hope,"tt0032520,tt0031143,tt0039645,tt0045094",38,2.0,nm0483787,movie,Caught in the Draft,0.0,\N,82.0,Caught in the Draft,1941,Comedy,Dorothy Lamour,1914,1996,"actress,soundtrack,archive_footage","tt0092796,tt0032993,tt0057007,tt0039645",27,11
tt0033611,1.0,nm0035159,Richard Arlen,"tt0024188,tt0018578,tt0021070,tt0031661",42,2.0,nm0662335,movie,Flying Blind,0.0,\N,69.0,Flying Blind,1941,"Comedy,Drama",Jean Parker,1915,2005,"actress,soundtrack,archive_footage","tt0024264,tt0042531,tt0035453,tt0036653",26,16
tt0033666,1.0,nm0178114,Jackie Cooper,"tt0078346,tt0081573,tt0086393,tt0094074",19,2.0,nm0288078,movie,Glamour Boy,0.0,\N,79.0,Glamour Boy,1941,"Comedy,Drama",Susanna Foster,1924,2009,"actress,soundtrack,archive_footage","tt0036261,tt0033666,tt0036715,tt0037717",17,2
tt0033708,1.0,nm0527996,Jimmy Lydon,"tt0075393,tt0038126,tt0040676,tt0042578",18,2.0,nm0695863,movie,Henry Aldrich for President,0.0,\N,75.0,Henry Aldrich for President,1941,"Comedy,Family",June Preisser,1920,1984,"actress,soundtrack","tt0037100,tt0038664,tt0040208,tt0031066",21,-3
tt0033791,1.0,nm0000747,Don Ameche,"tt0088933,tt0086465,tt0035979,tt0107131",33,2.0,nm0552756,movie,Kiss the Boys Goodbye,0.0,\N,85.0,Kiss the Boys Goodbye,1941,Comedy,Mary Martin,1913,1990,"actress,miscellaneous,producer","tt0054176,tt0046637,tt0036461,tt0033396",28,5
tt0033804,2.0,nm0000020,Henry Fonda,"tt0050083,tt0082846,tt0032551,tt0051207",36,1.0,nm0001766,movie,The Lady Eve,0.0,\N,94.0,The Lady Eve,1941,"Comedy,Romance",Barbara Stanwyck,1907,1990,"actress,soundtrack,archive_footage","tt0036775,tt0033373,tt0040823,tt0032080",34,2
tt0033814,1.0,nm0234186,Tommy Dorsey,"tt0035320,tt0075686,tt0308383,tt0035829",36,3.0,nm0601073,movie,Las Vegas Nights,0.0,\N,90.0,Las Vegas Nights,1941,Comedy,Constance Moore,1920,2005,"actress,soundtrack,archive_footage","tt0036619,tt0032290,tt0037636,tt0033442",21,15
tt0033834,1.0,nm0178114,Jackie Cooper,"tt0078346,tt0081573,tt0086393,tt0094074",18,2.0,nm0259717,movie,Life with Henry,0.0,\N,80.0,Life with Henry,1940,"Comedy,Family,Romance",Leila Ernst,1920,1970,actress,tt0033834,20,-2
tt0033851,1.0,nm0001362,Bob Hope,"tt0032520,tt0031143,tt0039645,tt0045094",38,2.0,nm0957936,movie,Louisiana Purchase,0.0,\N,98.0,Louisiana Purchase,1941,"Comedy,Musical",Vera Zorina,1917,2003,"actress,soundtrack,archive_footage","tt0032620,tt0033851,tt0036832,tt0030194",24,14
tt0033947,1.0,nm0534045,Fred MacMurray,"tt0036775,tt0053604,tt0046816,tt0057518",33,2.0,nm0552756,movie,New York Town,0.0,\N,94.0,New York Town,1941,"Comedy,Romance",Mary Martin,1913,1990,"actress,miscellaneous,producer","tt0054176,tt0046637,tt0036461,tt0033396",28,5
tt0033981,1.0,nm0534045,Fred MacMurray,"tt0036775,tt0053604,tt0046816,tt0057518",33,2.0,nm0140914,movie,One Night in Lisbon,0.0,\N,97.0,One Night in Lisbon,1941,Comedy,Madeleine Carroll,1906,1987,"actress,archive_footage","tt0026029,tt0035100,tt0029442,tt0029057",35,-2
tt0034116,1.0,nm0001078,Bing Crosby,"tt0047673,tt0049314,tt0036872,tt0046874",38,3.0,nm0483787,movie,Road to Zanzibar,0.0,\N,91.0,Road to Zanzibar,1941,"Adventure,Comedy,Musical",Dorothy Lamour,1914,1996,"actress,soundtrack,archive_footage","tt0092796,tt0032993,tt0057007,tt0039645",27,11
tt0034198,2.0,nm0001537,Ray Milland,"tt0037884,tt0046912,tt0066011,tt0037415",34,1.0,nm0001055,movie,Skylark,0.0,\N,92.0,Skylark,1941,"Comedy,Romance",Claudette Colbert,1903,1996,"actress,soundtrack,archive_footage","tt0025316,tt0036367,tt0029929,tt0037280",38,-4
tt0034240,1.0,nm0566948,Joel McCrea,"tt0034240,tt0032484,tt0023238,tt0056412",36,2.0,nm0000043,movie,Sullivan's Travels,0.0,\N,90.0,Sullivan's Travels,1941,"Adventure,Comedy,Drama",Veronica Lake,1922,1973,"actress,producer,soundtrack","tt0034240,tt0038369,tt0035432,tt0034881",19,17
tt0034275,1.0,nm0427452,Allan Jones,"tt0026778,tt0028249,tt0030108,tt0093818",34,2.0,nm0288078,movie,The Hard-Boiled Canary,0.0,\N,80.0,The Hard-Boiled Canary,1941,"Comedy,Music,Romance",Susanna Foster,1924,2009,"actress,soundtrack,archive_footage","tt0036261,tt0033666,tt0036715,tt0037717",17,17
tt0034381,2.0,nm0137999,Richard Carlson,"tt0046876,tt0045920,tt0033836,tt0032520",29,1.0,nm0794297,movie,West Point Widow,0.0,\N,63.0,West Point Widow,1941,"Comedy,Romance",Anne Shirley,1918,1993,"actress,soundtrack,archive_footage","tt0037101,tt0033532,tt0029608,tt0021074",23,6
tt0034402,1.0,nm0000858,John Barrymore,"tt0025919,tt0022958,tt0017354,tt0014702",59,2.0,nm0002068,movie,World Premiere,0.0,\N,71.0,World Premiere,1941,Comedy,Frances Farmer,1913,1970,"actress,writer,soundtrack","tt0032481,tt0029675,tt0035360,tt0028817",28,31
tt0034412,2.0,nm0875965,Orrin Tucker,"tt4276820,tt0034412,tt0048904,tt0073596",30,1.0,nm0048284,movie,You're the One,0.0,\N,83.0,You're the One,1941,"Comedy,Music,Romance",Bonnie Baker,1917,1990,"actress,soundtrack","tt4276820,tt0034412,tt0036382,tt0148560",24,6
tt0034467,1.0,nm0001537,Ray Milland,"tt0037884,tt0046912,tt0066011,tt0037415",35,2.0,nm0275897,movie,Are Husbands Necessary?,0.0,\N,79.0,Are Husbands Necessary?,1942,"Comedy,Mystery,Romance",Betty Field,1916,1973,"actress,soundtrack,archive_footage","tt0031742,tt0033409,tt0048491,tt0050839",26,9
tt0034510,2.0,nm0219396,Richard Denning,"tt0050105,tt0050197,tt0046876,tt0047960",28,1.0,nm0483787,movie,Beyond the Blue Horizon,0.0,\N,76.0,Beyond the Blue Horizon,1942,"Action,Adventure,Comedy",Dorothy Lamour,1914,1996,"actress,soundtrack,archive_footage","tt0092796,tt0032993,tt0057007,tt0039645",28,0
tt0034842,1.0,nm0527996,Jimmy Lydon,"tt0075393,tt0038126,tt0040676,tt0042578",19,4.0,nm0086830,movie,"Henry Aldrich, Editor",0.0,\N,72.0,"Henry Aldrich, Editor",1942,"Comedy,Drama,Family",Olive Blakeney,1894,1959,"actress,archive_footage","tt0038990,tt0034274,tt0035984,tt0036908",48,-29
tt0034844,1.0,nm0527996,Jimmy Lydon,"tt0075393,tt0038126,tt0040676,tt0042578",19,3.0,nm0027156,movie,Henry and Dizzy,0.0,\N,71.0,Henry and Dizzy,1942,"Comedy,Family",Mary Anderson,1918,2014,"actress,archive_footage","tt0037017,tt0031381,tt0037465,tt0036377",24,-5
tt0034862,1.0,nm0001078,Bing Crosby,"tt0047673,tt0049314,tt0036872,tt0046874",39,3.0,nm0721851,movie,Holiday Inn,0.0,\N,100.0,Holiday Inn,1942,"Comedy,Drama,Music",Marjorie Reynolds,1917,1997,"actress,soundtrack,archive_footage","tt0039037,tt0034862,tt0032404,tt0043643",25,14
tt0034958,1.0,nm0000734,Eddie Albert,"tt0046250,tt0058808,tt0068687,tt0056197",35,2.0,nm0794297,movie,Lady Bodyguard,0.0,\N,69.0,Lady Bodyguard,1943,Comedy,Anne Shirley,1918,1993,"actress,soundtrack,archive_footage","tt0037101,tt0033532,tt0029608,tt0021074",25,10
tt0035019,2.0,nm0001537,Ray Milland,"tt0037884,tt0046912,tt0066011,tt0037415",35,1.0,nm0001677,movie,The Major and the Minor,0.0,\N,100.0,The Major and the Minor,1942,"Comedy,Romance",Ginger Rogers,1911,1995,"actress,soundtrack,archive_footage","tt0032671,tt0035019,tt0044916,tt0032946",31,4
tt0035094,2.0,nm0001890,Hugh Herbert,"tt0033397,tt0020953,tt0030202,tt0029541",58,1.0,nm0047810,movie,Mrs. Wiggs of the Cabbage Patch,0.0,\N,80.0,Mrs. Wiggs of the Cabbage Patch,1942,"Comedy,Drama,Romance",Fay Bainter,1893,1968,"actress,soundtrack,archive_footage","tt0030287,tt0054743,tt0038116,tt0030973",49,9
tt0035100,1.0,nm0001362,Bob Hope,"tt0032520,tt0031143,tt0039645,tt0045094",39,2.0,nm0140914,movie,My Favorite Blonde,0.0,\N,78.0,My Favorite Blonde,1942,Comedy,Madeleine Carroll,1906,1987,"actress,archive_footage","tt0026029,tt0035100,tt0029442,tt0029057",36,3
tt0035104,1.0,nm0137999,Richard Carlson,"tt0046876,tt0045920,tt0033836,tt0032520",30,2.0,nm0640930,movie,My Heart Belongs to Daddy,0.0,\N,75.0,My Heart Belongs to Daddy,1942,"Comedy,Romance",Martha O'Driscoll,1922,1998,"actress,soundtrack,archive_footage","tt0037793,tt0038203,tt0038364,tt0038490",20,10
tt0035126,1.0,nm0288003,Preston Foster,"tt0023629,tt0023042,tt0044789,tt0026605",42,2.0,nm0605685,movie,Night in New Orleans,0.0,\N,75.0,Night in New Orleans,1942,"Comedy,Crime,Drama",Patricia Morison,1915,2018,"actress,soundtrack,archive_footage","tt0036377,tt0038494,tt0035706,tt0036005",27,15
tt0035169,2.0,nm0566948,Joel McCrea,"tt0034240,tt0032484,tt0023238,tt0056412",37,1.0,nm0001055,movie,The Palm Beach Story,0.0,\N,88.0,The Palm Beach Story,1942,"Comedy,Romance",Claudette Colbert,1903,1996,"actress,soundtrack,archive_footage","tt0025316,tt0036367,tt0029929,tt0037280",39,-2
tt0035216,2.0,nm0426708,Johnny Johnston,"tt0040565,tt0049682,tt0047780,tt0035216",27,1.0,nm0587900,movie,Priorities on Parade,0.0,\N,79.0,Priorities on Parade,1942,"Comedy,Musical,Romance",Ann Miller,1923,2004,"actress,miscellaneous,soundtrack","tt0166924,tt0030993,tt0041716,tt0036306",19,8
tt0035247,1.0,nm0002046,Brian Donlevy,"tt0031088,tt0041503,tt0034798,tt0050873",41,3.0,nm0237655,movie,The Remarkable Andrew,0.0,\N,81.0,The Remarkable Andrew,1942,"Comedy,Fantasy",Ellen Drew,1914,2003,"actress,soundtrack,archive_footage","tt0032338,tt0037820,tt0033916,tt0042229",28,13
tt0035262,1.0,nm0001078,Bing Crosby,"tt0047673,tt0049314,tt0036872,tt0046874",39,4.0,nm0483787,movie,Road to Morocco,0.0,\N,82.0,Road to Morocco,1942,"Adventure,Comedy,Family",Dorothy Lamour,1914,1996,"actress,soundtrack,archive_footage","tt0092796,tt0032993,tt0057007,tt0039645",28,11
tt0035379,1.0,nm0001078,Bing Crosby,"tt0047673,tt0049314,tt0036872,tt0046874",39,7.0,nm0483787,movie,Star Spangled Rhythm,0.0,\N,99.0,Star Spangled Rhythm,1942,"Comedy,Music",Dorothy Lamour,1914,1996,"actress,soundtrack,archive_footage","tt0092796,tt0032993,tt0057007,tt0039645",28,11
tt0035400,1.0,nm0102787,Eddie Bracken,"tt0036891,tt0085995,tt0037077,tt0107985",27,2.0,nm0695863,movie,Sweater Girl,0.0,\N,77.0,Sweater Girl,1942,"Comedy,Musical,Mystery",June Preisser,1920,1984,"actress,soundtrack","tt0037100,tt0038664,tt0040208,tt0031066",22,5
tt0035413,2.0,nm0534045,Fred MacMurray,"tt0036775,tt0053604,tt0046816,tt0057518",34,1.0,nm0751426,movie,"Take a Letter, Darling",0.0,\N,92.0,"Take a Letter, Darling",1942,"Comedy,Romance",Rosalind Russell,1907,1976,"actress,writer,soundtrack","tt0051383,tt0032599,tt0056048,tt0032143",35,-1
tt0035474,2.0,nm0427452,Allan Jones,"tt0026778,tt0028249,tt0030108,tt0093818",35,1.0,nm0134411,movie,True to the Army,0.0,\N,77.0,True to the Army,1942,"Comedy,Music",Judy Canova,1913,1983,"actress,soundtrack,archive_footage","tt0034193,tt0037028,tt0034074,tt0035474",29,6
tt0035810,1.0,nm0001078,Bing Crosby,"tt0047673,tt0049314,tt0036872,tt0046874",40,2.0,nm0483787,movie,Dixie,0.0,\N,89.0,Dixie,1943,"Comedy,Musical",Dorothy Lamour,1914,1996,"actress,soundtrack,archive_footage","tt0092796,tt0032993,tt0057007,tt0039645",29,11
tt0035948,1.0,nm0445523,Cecil Kellaway,"tt0061735,tt0042546,tt0038854,tt0034881",53,2.0,nm0907785,movie,The Good Fellows,0.0,\N,70.0,The Good Fellows,1943,"Comedy,Romance",Helen Walker,1920,1968,"actress,soundtrack,archive_footage","tt0037557,tt0040202,tt0037046,tt0041503",23,30
tt0035969,2.0,nm0694090,Dick Powell,"tt0037101,tt0037615,tt0044391,tt0040695",39,1.0,nm0552756,movie,Happy Go Lucky,0.0,\N,81.0,Happy Go Lucky,1943,"Comedy,Musical,Romance",Mary Martin,1913,1990,"actress,miscellaneous,producer","tt0054176,tt0046637,tt0036461,tt0033396",30,9
tt0035983,1.0,nm0527996,Jimmy Lydon,"tt0075393,tt0038126,tt0040676,tt0042578",20,4.0,nm0086830,movie,Henry Aldrich Gets Glamour,0.0,\N,72.0,Henry Aldrich Gets Glamour,1943,"Adventure,Comedy,Family",Olive Blakeney,1894,1959,"actress,archive_footage","tt0038990,tt0034274,tt0035984,tt0036908",49,-29
tt0035984,1.0,nm0527996,Jimmy Lydon,"tt0075393,tt0038126,tt0040676,tt0042578",20,4.0,nm0086830,movie,Henry Aldrich Haunts a House,0.0,\N,73.0,Henry Aldrich Haunts a House,1943,"Adventure,Comedy,Family",Olive Blakeney,1894,1959,"actress,archive_footage","tt0038990,tt0034274,tt0035984,tt0036908",49,-29
tt0035985,1.0,nm0527996,Jimmy Lydon,"tt0075393,tt0038126,tt0040676,tt0042578",20,4.0,nm0086830,movie,Henry Aldrich Swings It,0.0,\N,64.0,Henry Aldrich Swings It,1943,"Comedy,Family",Olive Blakeney,1894,1959,"actress,archive_footage","tt0038990,tt0034274,tt0035984,tt0036908",49,-29
tt0036161,1.0,nm0035159,Richard Arlen,"tt0024188,tt0018578,tt0021070,tt0031661",44,2.0,nm0662335,movie,Minesweeper,0.0,\N,67.0,Minesweeper,1943,"Action,Adventure,Comedy",Jean Parker,1915,2005,"actress,soundtrack,archive_footage","tt0024264,tt0042531,tt0035453,tt0036653",28,16
tt0036208,2.0,nm0534045,Fred MacMurray,"tt0036775,tt0053604,tt0046816,tt0057518",35,1.0,nm0001055,movie,No Time for Love,0.0,\N,83.0,No Time for Love,1943,"Comedy,Romance",Claudette Colbert,1903,1996,"actress,soundtrack,archive_footage","tt0025316,tt0036367,tt0029929,tt0037280",40,-5
tt0036313,2.0,nm0694090,Dick Powell,"tt0037101,tt0037615,tt0044391,tt0040695",39,1.0,nm0483787,movie,Riding High,0.0,\N,88.0,Riding High,1943,Comedy,Dorothy Lamour,1914,1996,"actress,soundtrack,archive_footage","tt0092796,tt0032993,tt0057007,tt0039645",29,10
tt0036327,2.0,nm0136994,Macdonald Carey,"tt0036342,tt0058796,tt0043736,tt0039873",30,1.0,nm0722384,movie,Salute for Three,0.0,\N,74.0,Salute for Three,1943,"Comedy,Musical",Betty Jane Rhodes,1921,2011,"actress,soundtrack,archive_footage","tt0037475,tt0036327,tt0035216,tt0029145",22,8
tt0036461,2.0,nm0867144,Franchot Tone,"tt0026261,tt0026752,tt0040457,tt0028330",38,1.0,nm0552756,movie,True to Life,0.0,\N,94.0,True to Life,1943,"Comedy,Romance",Mary Martin,1913,1990,"actress,miscellaneous,producer","tt0054176,tt0046637,tt0036461,tt0033396",30,8
tt0036600,2.0,nm0534045,Fred MacMurray,"tt0036775,tt0053604,tt0046816,tt0057518",36,1.0,nm0483787,movie,And the Angels Sing,0.0,\N,96.0,And the Angels Sing,1944,"Comedy,Music,Romance",Dorothy Lamour,1914,1996,"actress,soundtrack,archive_footage","tt0092796,tt0032993,tt0057007,tt0039645",30,6
tt0036774,1.0,nm0606431,Chester Morris,"tt0020827,tt0024679,tt0020686,tt0019630",43,2.0,nm0446715,movie,Double Exposure,0.0,\N,63.0,Double Exposure,1944,"Comedy,Crime,Mystery",Nancy Kelly,1921,1995,"actress,soundtrack,archive_footage","tt0048977,tt0031507,tt0035795,tt0032873",23,20
tt0036872,1.0,nm0001078,Bing Crosby,"tt0047673,tt0049314,tt0036872,tt0046874",41,6.0,nm0372742,movie,Going My Way,0.0,\N,126.0,Going My Way,1944,"Comedy,Drama,Music",Jean Heather,1921,1995,"actress,soundtrack,archive_footage","tt0036775,tt0036872,tt0037119,tt0037662",23,18
tt0036891,1.0,nm0102787,Eddie Bracken,"tt0036891,tt0085995,tt0037077,tt0107985",29,2.0,nm0707048,movie,Hail the Conquering Hero,0.0,\N,101.0,Hail the Conquering Hero,1944,"Comedy,War",Ella Raines,1920,1988,"actress,soundtrack,archive_footage","tt0036260,tt0041503,tt0036891,tt0037330",24,5
tt0036907,1.0,nm0527996,Jimmy Lydon,"tt0075393,tt0038126,tt0040676,tt0042578",21,4.0,nm0086830,movie,Henry Aldrich Plays Cupid,0.0,\N,65.0,Henry Aldrich Plays Cupid,1944,"Comedy,Family",Olive Blakeney,1894,1959,"actress,archive_footage","tt0038990,tt0034274,tt0035984,tt0036908",50,-29
tt0036908,1.0,nm0527996,Jimmy Lydon,"tt0075393,tt0038126,tt0040676,tt0042578",21,4.0,nm0086830,movie,Henry Aldrich's Little Secret,0.0,\N,75.0,Henry Aldrich's Little Secret,1944,"Comedy,Family,Romance",Olive Blakeney,1894,1959,"actress,archive_footage","tt0038990,tt0034274,tt0035984,tt0036908",50,-29
tt0036909,1.0,nm0527996,Jimmy Lydon,"tt0075393,tt0038126,tt0040676,tt0042578",21,4.0,nm0086830,movie,"Henry Aldrich, Boy Scout",0.0,\N,66.0,"Henry Aldrich, Boy Scout",1944,"Comedy,Family",Olive Blakeney,1894,1959,"actress,archive_footage","tt0038990,tt0034274,tt0035984,tt0036908",50,-29
tt0036912,1.0,nm0001078,Bing Crosby,"tt0047673,tt0049314,tt0036872,tt0046874",41,2.0,nm0002149,movie,Here Come the Waves,0.0,\N,99.0,Here Come the Waves,1944,"Comedy,Musical,Romance",Betty Hutton,1921,2007,"actress,writer,soundtrack","tt0042200,tt0044672,tt0037077,tt0038119",23,18
tt0037077,1.0,nm0102787,Eddie Bracken,"tt0036891,tt0085995,tt0037077,tt0107985",28,2.0,nm0002149,movie,The Miracle of Morgan's Creek,0.0,\N,98.0,The Miracle of Morgan's Creek,1943,"Comedy,Romance,War",Betty Hutton,1921,2007,"actress,writer,soundtrack","tt0042200,tt0044672,tt0037077,tt0038119",22,6
tt0037151,1.0,nm0355095,Jack Haley,"tt0032138,tt0039075,tt0038091,tt0037151",47,2.0,nm0662335,movie,One Body Too Many,0.0,\N,75.0,One Body Too Many,1944,"Comedy,Horror,Mystery",Jean Parker,1915,2005,"actress,soundtrack,archive_footage","tt0024264,tt0042531,tt0035453,tt0036653",29,18
tt0037158,3.0,nm0749476,Charles Ruggles,"tt0055277,tt0024359,tt0039502,tt0026955",58,1.0,nm0751149,movie,Our Hearts Were Young and Gay,0.0,\N,81.0,Our Hearts Were Young and Gay,1944,Comedy,Gail Russell,1924,1961,"actress,soundtrack,archive_footage","tt0037415,tt0039152,tt0039235,tt0040643",20,38
tt0037190,2.0,nm0534045,Fred MacMurray,"tt0036775,tt0053604,tt0046816,tt0057518",36,1.0,nm0001055,movie,Practically Yours,0.0,\N,90.0,Practically Yours,1944,"Comedy,Romance,War",Claudette Colbert,1903,1996,"actress,soundtrack,archive_footage","tt0025316,tt0036367,tt0029929,tt0037280",41,-5
tt0037208,2.0,nm0102787,Eddie Bracken,"tt0036891,tt0085995,tt0037077,tt0107985",29,1.0,nm0483787,movie,Rainbow Island,0.0,\N,98.0,Rainbow Island,1944,"Comedy,Musical,Romance",Dorothy Lamour,1914,1996,"actress,soundtrack,archive_footage","tt0092796,tt0032993,tt0057007,tt0039645",30,-1
tt0037310,2.0,nm0534045,Fred MacMurray,"tt0036775,tt0053604,tt0046816,tt0057518",36,1.0,nm0002104,movie,Standing Room Only,0.0,\N,83.0,Standing Room Only,1944,"Comedy,Romance,War",Paulette Goddard,1910,1990,"actress,producer,soundtrack","tt0032520,tt0027977,tt0033722,tt0037849",34,2
tt0037340,1.0,nm0355095,Jack Haley,"tt0032138,tt0039075,tt0038091,tt0037151",47,2.0,nm0384948,movie,Take It Big,0.0,\N,75.0,Take It Big,1944,"Comedy,Music,Romance",Harriet Nelson,1909,1994,"actress,soundtrack,archive_footage","tt0044230,tt0035854,tt0027630,tt0034572",35,12
tt0037475,2.0,nm0426708,Johnny Johnston,"tt0040565,tt0049682,tt0047780,tt0035216",29,1.0,nm0722384,movie,You Can't Ration Love,0.0,\N,78.0,You Can't Ration Love,1944,"Comedy,Musical,Romance",Betty Jane Rhodes,1921,2011,"actress,soundtrack,archive_footage","tt0037475,tt0036327,tt0035216,tt0029145",23,6
tt0037498,2.0,nm0107575,George Brent,"tt0031210,tt0024034,tt0031835,tt0040556",41,1.0,nm0000021,movie,The Affairs of Susan,0.0,\N,110.0,The Affairs of Susan,1945,"Comedy,Drama,Romance",Joan Fontaine,1917,2013,"actress,producer,soundtrack","tt0034248,tt0032976,tt0035751,tt0036969",28,13
tt0037560,2.0,nm0876211,Sonny Tufts,"tt0048605,tt0036367,tt0036912,tt0039082",34,1.0,nm0000043,movie,Bring on the Girls,0.0,\N,92.0,Bring on the Girls,1945,"Comedy,Musical",Veronica Lake,1922,1973,"actress,producer,soundtrack","tt0034240,tt0038369,tt0035432,tt0034881",23,11
tt0037662,1.0,nm0306908,Ed Gardner,"tt0037662,tt0121515,tt0042093,tt0046578",44,3.0,nm0002149,movie,Duffy's Tavern,0.0,\N,97.0,Duffy's Tavern,1945,"Comedy,Musical",Betty Hutton,1921,2007,"actress,writer,soundtrack","tt0042200,tt0044672,tt0037077,tt0038119",24,20
tt0037712,1.0,nm0307326,William Gargan,"tt0024617,tt0023369,tt0040112,tt0024097",40,2.0,nm0446715,movie,Follow That Woman,0.0,\N,69.0,Follow That Woman,1945,"Comedy,Crime,Drama",Nancy Kelly,1921,1995,"actress,soundtrack,archive_footage","tt0048977,tt0031507,tt0035795,tt0032873",24,16
tt0037903,2.0,nm0194742,Arturo de Córdova,"tt0042434,tt0045260,tt0187005,tt0040075",37,1.0,nm0483787,movie,Masquerade in Mexico,0.0,\N,96.0,Masquerade in Mexico,1945,"Comedy,Romance",Dorothy Lamour,1914,1996,"actress,soundtrack,archive_footage","tt0092796,tt0032993,tt0057007,tt0039645",31,6
tt0037931,1.0,nm0534045,Fred MacMurray,"tt0036775,tt0053604,tt0046816,tt0057518",37,2.0,nm0907785,movie,"Murder, He Says",0.0,\N,91.0,"Murder, He Says",1945,"Comedy,Mystery",Helen Walker,1920,1968,"actress,soundtrack,archive_footage","tt0037557,tt0040202,tt0037046,tt0041503",25,12
tt0037960,1.0,nm0307326,William Gargan,"tt0024617,tt0023369,tt0040112,tt0024097",40,2.0,nm0767243,movie,Midnight Manhunt,0.0,\N,64.0,Midnight Manhunt,1945,"Comedy,Crime,Mystery",Ann Savage,1921,2008,"actress,soundtrack,archive_footage","tt0037638,tt1093842,tt0038877,tt0037409",24,16
tt0037964,1.0,nm0102787,Eddie Bracken,"tt0036891,tt0085995,tt0037077,tt0107985",30,2.0,nm0000043,movie,Out of This World,0.0,\N,96.0,Out of This World,1945,"Comedy,Music,Romance",Veronica Lake,1922,1973,"actress,producer,soundtrack","tt0034240,tt0038369,tt0035432,tt0034881",23,7
tt0038032,1.0,nm0001078,Bing Crosby,"tt0047673,tt0049314,tt0036872,tt0046874",42,3.0,nm0483787,movie,Road to Utopia,0.0,\N,90.0,Road to Utopia,1945,"Adventure,Comedy,Family",Dorothy Lamour,1914,1996,"actress,soundtrack,archive_footage","tt0092796,tt0032993,tt0057007,tt0039645",31,11
tt0038055,1.0,nm0355095,Jack Haley,"tt0032138,tt0039075,tt0038091,tt0037151",48,2.0,nm0767243,movie,Scared Stiff,0.0,\N,65.0,Scared Stiff,1945,"Comedy,Mystery",Ann Savage,1921,2008,"actress,soundtrack,archive_footage","tt0037638,tt1093842,tt0038877,tt0037409",24,24
tt0038119,2.0,nm0280178,Barry Fitzgerald,"tt0045061,tt0036872,tt0033729,tt0037515",57,1.0,nm0002149,movie,The Stork Club,0.0,\N,98.0,The Stork Club,1945,"Comedy,Musical,Romance",Betty Hutton,1921,2007,"actress,writer,soundtrack","tt0042200,tt0044672,tt0037077,tt0038119",24,33
tt0038370,1.0,nm0000001,Fred Astaire,"tt0072308,tt0050419,tt0053137,tt0027125",47,3.0,nm0146542,movie,Blue Skies,0.0,\N,99.0,Blue Skies,1946,"Comedy,Musical,Romance",Joan Caulfield,1922,1991,"actress,soundtrack,archive_footage","tt0038747,tt0039307,tt0039941,tt0040754",24,23
tt0038383,2.0,nm0191950,Robert Cummings,"tt0046912,tt0035279,tt0047752,tt0039583",36,1.0,nm0001766,movie,The Bride Wore Boots,0.0,\N,85.0,The Bride Wore Boots,1946,"Adventure,Comedy,Romance",Barbara Stanwyck,1907,1990,"actress,soundtrack,archive_footage","tt0036775,tt0033373,tt0040823,tt0032080",39,-3
tt0038438,2.0,nm0876211,Sonny Tufts,"tt0048605,tt0036367,tt0036912,tt0039082",35,1.0,nm0002149,movie,Cross My Heart,0.0,\N,85.0,Cross My Heart,1946,"Comedy,Music,Mystery",Betty Hutton,1921,2007,"actress,writer,soundtrack","tt0042200,tt0044672,tt0037077,tt0038119",25,10
tt0038747,1.0,nm0001362,Bob Hope,"tt0032520,tt0031143,tt0039645,tt0045094",43,2.0,nm0146542,movie,Monsieur Beaucaire,0.0,\N,93.0,Monsieur Beaucaire,1946,"Adventure,Comedy,History",Joan Caulfield,1922,1991,"actress,soundtrack,archive_footage","tt0038747,tt0039307,tt0039941,tt0040754",24,19
tt0038815,3.0,nm0002046,Brian Donlevy,"tt0031088,tt0041503,tt0034798,tt0050873",45,1.0,nm0751149,movie,Our Hearts Were Growing Up,0.0,\N,83.0,Our Hearts Were Growing Up,1946,"Adventure,Comedy,Romance",Gail Russell,1924,1961,"actress,soundtrack,archive_footage","tt0037415,tt0039152,tt0039235,tt0040643",22,23
tt0038832,2.0,nm0000057,David Niven,"tt0074937,tt0052182,tt0057413,tt0048960",36,1.0,nm0949835,movie,The Perfect Marriage,0.0,\N,88.0,The Perfect Marriage,1946,Comedy,Loretta Young,1913,2000,"actress,producer,soundtrack","tt0038991,tt0039370,tt0024334,tt0032397",33,3
tt0039098,2.0,nm0001537,Ray Milland,"tt0037884,tt0046912,tt0066011,tt0037415",39,1.0,nm0000014,movie,The Well Groomed Bride,0.0,\N,75.0,The Well Groomed Bride,1946,"Comedy,Romance",Olivia de Havilland,1916,2020,"actress,soundtrack,archive_footage","tt0031381,tt0041452,tt0029843,tt0040806",30,9
tt0039133,1.0,nm0001983,Rory Calhoun,"tt0081184,tt0105191,tt0045891,tt0039133",25,2.0,nm0281766,movie,Adventure Island,0.0,\N,66.0,Adventure Island,1947,"Action,Adventure,Comedy",Rhonda Fleming,1923,2020,"actress,soundtrack,archive_footage","tt0039689,tt0038109,tt0081249,tt0041259",24,1
tt0039307,2.0,nm0000034,William Holden,"tt0046359,tt0047437,tt0043014,tt0074958",29,1.0,nm0146542,movie,Dear Ruth,0.0,\N,95.0,Dear Ruth,1947,"Comedy,Romance",Joan Caulfield,1922,1991,"actress,soundtrack,archive_footage","tt0038747,tt0039307,tt0039941,tt0040754",25,4
tt0039346,1.0,nm0280178,Barry Fitzgerald,"tt0045061,tt0036872,tt0033729,tt0037515",59,2.0,nm0528658,movie,"Easy Come, Easy Go",0.0,\N,77.0,"Easy Come, Easy Go",1947,"Comedy,Drama",Diana Lynn,1926,1971,"actress,soundtrack,archive_footage","tt0035019,tt0037077,tt0041673,tt0048822",21,38
tt0039428,1.0,nm0001537,Ray Milland,"tt0037884,tt0046912,tt0066011,tt0037415",40,2.0,nm0000017,movie,Golden Earrings,0.0,\N,95.0,Golden Earrings,1947,"Adventure,Comedy,Drama",Marlene Dietrich,1901,1992,"actress,music_department,soundtrack","tt0051201,tt0055031,tt0052311,tt0021156",46,-6
tt0039544,1.0,nm0102787,Eddie Bracken,"tt0036891,tt0085995,tt0037077,tt0107985",32,2.0,nm0197837,movie,Ladies' Man,0.0,\N,91.0,Ladies' Man,1947,"Comedy,Musical",Cass Daley,1915,1975,"actress,soundtrack,archive_footage","tt0035379,tt0047400,tt0039544,tt0034736",32,0
tt0039645,1.0,nm0001362,Bob Hope,"tt0032520,tt0031143,tt0039645,tt0045094",44,2.0,nm0483787,movie,My Favorite Brunette,0.0,\N,87.0,My Favorite Brunette,1947,"Comedy,Crime,Mystery",Dorothy Lamour,1914,1996,"actress,soundtrack,archive_footage","tt0092796,tt0032993,tt0057007,tt0039645",33,11
tt0039917,1.0,nm0001537,Ray Milland,"tt0037884,tt0046912,tt0066011,tt0037415",40,2.0,nm0942863,movie,The Trouble with Women,0.0,\N,80.0,The Trouble with Women,1947,"Comedy,Romance",Teresa Wright,1918,2005,"actress,soundtrack,archive_footage","tt0036342,tt0036868,tt0035093,tt0081534",29,11
tt0039951,4.0,nm0001420,DeForest Kelley,"tt0060028,tt0098382,tt0102975,tt0084726",27,1.0,nm0368779,movie,Variety Girl,0.0,\N,93.0,Variety Girl,1947,"Comedy,Musical",Mary Hatcher,1929,2018,"actress,soundtrack,archive_footage","tt0039951,tt0041179,tt0041475,tt0044104",18,9
tt0039975,1.0,nm0001078,Bing Crosby,"tt0047673,tt0049314,tt0036872,tt0046874",44,3.0,nm0146542,movie,Welcome Stranger,0.0,\N,107.0,Welcome Stranger,1947,Comedy,Joan Caulfield,1922,1991,"actress,soundtrack,archive_footage","tt0038747,tt0039307,tt0039941,tt0040754",25,19
tt0039982,1.0,nm0001362,Bob Hope,"tt0032520,tt0031143,tt0039645,tt0045094",44,2.0,nm0368516,movie,Where There's Life,0.0,\N,75.0,Where There's Life,1947,"Comedy,Thriller",Signe Hasso,1915,2002,"actress,director,producer","tt0035979,tt0038908,tt0037795,tt0037634",32,12
tt0040302,2.0,nm0136994,Macdonald Carey,"tt0036342,tt0058796,tt0043736,tt0039873",35,1.0,nm0002149,movie,Dream Girl,0.0,\N,85.0,Dream Girl,1948,"Comedy,Romance",Betty Hutton,1921,2007,"actress,writer,soundtrack","tt0042200,tt0044672,tt0037077,tt0038119",27,8
tt0040317,1.0,nm0001078,Bing Crosby,"tt0047673,tt0049314,tt0036872,tt0046874",45,2.0,nm0000021,movie,The Emperor Waltz,0.0,\N,106.0,The Emperor Waltz,1948,"Comedy,Musical,Romance",Joan Fontaine,1917,2013,"actress,producer,soundtrack","tt0034248,tt0032976,tt0035751,tt0036969",31,14
tt0040367,3.0,nm0526184,John Lund,"tt0049314,tt0043792,tt0056093,tt0040367",37,1.0,nm0000795,movie,A Foreign Affair,0.0,\N,116.0,A Foreign Affair,1948,"Comedy,Drama,Romance",Jean Arthur,1900,1991,"actress,soundtrack,archive_footage","tt0030993,tt0031679,tt0046303,tt0036172",48,-11
tt0040426,2.0,nm0136994,Macdonald Carey,"tt0036342,tt0058796,tt0043736,tt0039873",35,1.0,nm0002104,movie,Hazard,0.0,\N,95.0,Hazard,1948,"Comedy,Drama",Paulette Goddard,1910,1990,"actress,producer,soundtrack","tt0032520,tt0027977,tt0033722,tt0037849",38,-3
tt0040599,1.0,nm0526184,John Lund,"tt0049314,tt0043792,tt0056093,tt0040367",37,2.0,nm0376905,movie,Miss Tatlock's Millions,0.0,\N,101.0,Miss Tatlock's Millions,1948,"Comedy,Romance",Wanda Hendrix,1928,1981,"actress,archive_footage","tt0041899,tt0039768,tt0041767,tt0042310",20,17
tt0040679,1.0,nm0001362,Bob Hope,"tt0032520,tt0031143,tt0039645,tt0045094",45,2.0,nm0000066,movie,The Paleface,0.0,\N,91.0,The Paleface,1948,"Comedy,Family,Western",Jane Russell,1921,2011,"actress,producer,soundtrack","tt0045810,tt0044863,tt0043643,tt0043476",27,18
tt0040754,3.0,nm0280178,Barry Fitzgerald,"tt0045061,tt0036872,tt0033729,tt0037515",60,1.0,nm0000043,movie,The Sainted Sisters,0.0,\N,89.0,The Sainted Sisters,1948,Comedy,Veronica Lake,1922,1973,"actress,producer,soundtrack","tt0034240,tt0038369,tt0035432,tt0034881",26,34
tt0041259,1.0,nm0001078,Bing Crosby,"tt0047673,tt0049314,tt0036872,tt0046874",46,2.0,nm0281766,movie,A Connecticut Yankee in King Arthur's Court,0.0,\N,106.0,A Connecticut Yankee in King Arthur's Court,1949,"Comedy,Family,Fantasy",Rhonda Fleming,1923,2020,"actress,soundtrack,archive_footage","tt0039689,tt0038109,tt0081249,tt0041259",26,20
tt0041286,1.0,nm0000034,William Holden,"tt0046359,tt0047437,tt0043014,tt0074958",31,2.0,nm0146542,movie,Dear Wife,0.0,\N,88.0,Dear Wife,1949,Comedy,Joan Caulfield,1922,1991,"actress,soundtrack,archive_footage","tt0038747,tt0039307,tt0039941,tt0040754",27,4
tt0041429,1.0,nm0001362,Bob Hope,"tt0032520,tt0031143,tt0039645,tt0045094",46,2.0,nm0281766,movie,The Great Lover,0.0,\N,80.0,The Great Lover,1949,"Comedy,Musical,Romance",Rhonda Fleming,1923,2020,"actress,soundtrack,archive_footage","tt0039689,tt0038109,tt0081249,tt0041259",26,20
tt0041795,2.0,nm0001514,Victor Mature,"tt0046247,tt0039536,tt0038762,tt0035103",36,1.0,nm0002149,movie,"Red, Hot and Blue",0.0,\N,84.0,"Red, Hot and Blue",1949,"Comedy,Crime,Musical",Betty Hutton,1921,2007,"actress,writer,soundtrack","tt0042200,tt0044672,tt0037077,tt0038119",28,8
tt0041902,1.0,nm0001362,Bob Hope,"tt0032520,tt0031143,tt0039645,tt0045094",46,2.0,nm0000840,movie,Sorrowful Jones,0.0,\N,88.0,Sorrowful Jones,1949,"Comedy,Drama",Lucille Ball,1911,1989,"producer,actress,production_manager","tt0043208,tt0055686,tt0062570,tt0047191",38,8
tt0041969,1.0,nm0001078,Bing Crosby,"tt0047673,tt0049314,tt0036872,tt0046874",46,2.0,nm0001955,movie,Top o' the Morning,0.0,\N,100.0,Top o' the Morning,1949,"Comedy,Musical,Romance",Ann Blyth,1928,\N,"actress,soundtrack,archive_footage","tt0037913,tt0050494,tt0039224,tt0048260",21,25
tt0179092,2.0,nm0525283,André Luguet,"tt0134324,tt0179087,tt0200136,tt0023074",54,1.0,nm0201638,movie,Au petit bonheur,0.0,\N,105.0,Happy Go Lucky,1946,Comedy,Danielle Darrieux,1917,2017,"actress,music_department,soundtrack","tt0283832,tt0044314,tt0027951,tt0062873",29,25
