tconst,ordering_M,nconst_M,primaryName_M,knownForTitles_M,age_M,ordering_F,nconst_F,titleType,originalTitle,isAdult,endYear,runtimeMinutes,primaryTitle,startYear,genres,primaryName_F,birthYear,deathYear,primaryProfession,knownForTitles_F,age_F
tt0031341,1.0,nm0001537,Ray Milland,"tt0037884,tt0046912,tt0066011,tt0037415",33,2.0,nm0237655,movie,French Without Tears,0.0,\N,86,French Without Tears,1940,Comedy,Ellen Drew,1914,2003,"actress,soundtrack,archive_footage","tt0032338,tt0037820,tt0033916,tt0042229",26
tt0031378,1.0,nm0219396,Richard Denning,"tt0050105,tt0050197,tt0046876,tt0047960",26,2.0,nm0128573,movie,Golden Gloves,0.0,\N,66,Golden Gloves,1940,"Crime,Drama,Sport",Jeanne Cagney,1919,1984,"actress,soundtrack,archive_footage","tt0042869,tt0035575,tt0040884,tt0044557",21
tt0032183,1.0,nm0107575,George Brent,"tt0031210,tt0024034,tt0031835,tt0040556",36,2.0,nm0592109,movie,Adventure in Diamonds,0.0,\N,76,Adventure in Diamonds,1940,"Crime,Drama",Isa Miranda,1905,1982,"actress,soundtrack,archive_footage","tt0040137,tt0063599,tt0031445,tt0035021",35
tt0032220,2.0,nm0001537,Ray Milland,"tt0037884,tt0046912,tt0066011,tt0037415",33,1.0,nm0001055,movie,"Arise, My Love",0.0,\N,110,"Arise, My Love",1940,"Comedy,Drama,Romance",Claudette Colbert,1903,1996,"actress,soundtrack,archive_footage","tt0025316,tt0036367,tt0029929,tt0037280",37
tt0032254,1.0,nm0496889,Billy Lee,"tt0033722,tt0034089,tt0032254,tt0035532",11,5.0,nm0587725,movie,The Biscuit Eater,0.0,\N,81,The Biscuit Eater,1940,"Drama,Family",Helene Millard,1905,1974,actress,"tt0020492,tt0033963,tt0032254,tt0021092",35
tt0032289,1.0,nm0000912,Jack Benny,"tt0042116,tt0035446,tt0033457,tt0034780",46,2.0,nm0237655,movie,Buck Benny Rides Again,0.0,\N,84.0,Buck Benny Rides Again,1940,"Adventure,Comedy,Music",Ellen Drew,1914,2003,"actress,soundtrack,archive_footage","tt0032338,tt0037820,tt0033916,tt0042229",26
tt0032330,1.0,nm0228715,Richard Dix,"tt0021746,tt0015117,tt0016439,tt0016345",47,2.0,nm0723422,movie,Cherokee Strip,0.0,\N,86.0,Cherokee Strip,1940,Western,Florence Rice,1907,1974,"actress,soundtrack,archive_footage","tt0030120,tt0033402,tt0035378,tt0033426",33
tt0032338,1.0,nm0694090,Dick Powell,"tt0037101,tt0037615,tt0044391,tt0040695",36,2.0,nm0237655,movie,Christmas in July,0.0,\N,67,Christmas in July,1940,"Comedy,Drama,Romance",Ellen Drew,1914,2003,"actress,soundtrack,archive_footage","tt0032338,tt0037820,tt0033916,tt0042229",26
tt0032347,1.0,nm0122589,Bob Burns,"tt0030651,tt0029742,tt1572174,tt0036636",50,2.0,nm0580916,movie,Comin' Round the Mountain,0.0,\N,63,Comin' Round the Mountain,1940,"Comedy,Music,Romance",Una Merkel,1903,1986,"actress,miscellaneous,soundtrack","tt0055277,tt0024034,tt0055489,tt0022111",37
tt0032377,2.0,nm0656745,Robert Paige,"tt0036376,tt0030234,tt0031324,tt0029223",30,1.0,nm0531738,movie,Dancing on a Dime,0.0,\N,74,Dancing on a Dime,1940,"Comedy,Drama,Music",Grace McDonald,1918,1999,"actress,soundtrack","tt0035548,tt0034500,tt0037100,tt0034797",22
tt0032412,1.0,nm0215260,Albert Dekker,"tt0065214,tt0048261,tt0032412,tt0039416",35,3.0,nm0517578,movie,Dr. Cyclops,0.0,\N,77,Dr. Cyclops,1940,"Adventure,Drama,Horror",Janice Logan,1915,1965,actress,"tt0032412,tt0032876,tt0221249,tt0032077",25
tt0032440,1.0,nm0378026,William Henry,"tt0025878,tt0032009,tt0032890,tt0038644",26,2.0,nm0132682,movie,Emergency Squad,0.0,\N,58.0,Emergency Squad,1940,Drama,Louise Campbell,1911,1997,"actress,archive_footage","tt0029952,tt0033429,tt0028667,tt0028670",29
tt0032456,2.0,nm0749476,Charles Ruggles,"tt0055277,tt0024359,tt0039502,tt0026955",54,1.0,nm0713106,movie,The Farmer's Daughter,0.0,\N,60.0,The Farmer's Daughter,1940,"Comedy,Music,Romance",Martha Raye,1916,1994,"actress,writer,soundtrack","tt0055797,tt0088693,tt0066685,tt0028806",24
tt0032520,1.0,nm0001362,Bob Hope,"tt0032520,tt0031143,tt0039645,tt0045094",37,2.0,nm0002104,movie,The Ghost Breakers,0.0,\N,85,The Ghost Breakers,1940,Comedy,Paulette Goddard,1910,1990,"actress,producer,soundtrack","tt0032520,tt0027977,tt0033722,tt0037849",30
tt0032554,1.0,nm0002046,Brian Donlevy,"tt0031088,tt0041503,tt0034798,tt0050873",39,2.0,nm0029746,movie,The Great McGinty,0.0,\N,82,The Great McGinty,1940,Comedy,Muriel Angelus,1909,2004,actress,"tt0031572,tt0022811,tt0021961,tt0019326",31
tt0032592,1.0,nm0101955,William Boyd,"tt0024018,tt0027415,tt0040787,tt0022243",45,4.0,nm0737173,movie,Hidden Gold,0.0,\N,60.0,Hidden Gold,1940,Western,Ruth Rogers,1918,1953,actress,"tt0032706,tt0031925,tt0032843,tt0031722",22
tt0032619,2.0,nm0694090,Dick Powell,"tt0037101,tt0037615,tt0044391,tt0040695",36,1.0,nm0000951,movie,I Want a Divorce,0.0,\N,93.0,I Want a Divorce,1940,"Comedy,Drama",Joan Blondell,1906,1979,"actress,soundtrack,archive_footage","tt0077631,tt0059037,tt0050307,tt0079672",34
tt0032674,1.0,nm0370797,Russell Hayden,"tt0029505,tt0030812,tt0033160,tt0032674",28,3.0,nm0662335,movie,Knights of the Range,0.0,\N,70,Knights of the Range,1940,"Action,Music,Romance",Jean Parker,1915,2005,"actress,soundtrack,archive_footage","tt0024264,tt0042531,tt0035453,tt0036653",25
tt0032706,1.0,nm0430460,Victor Jory,"tt0031381,tt0056241,tt0031839,tt0032557",38,2.0,nm0768471,movie,The Light of Western Stars,0.0,\N,64,The Light of Western Stars,1940,"Drama,Western",Jo Ann Sayers,1918,2011,actress,"tt0032753,tt0032706,tt0031442,tt0032135",22
tt0032730,1.0,nm0000912,Jack Benny,"tt0042116,tt0035446,tt0033457,tt0034780",46,3.0,nm0552756,movie,Love Thy Neighbor,0.0,\N,82,Love Thy Neighbor,1940,"Comedy,Musical",Mary Martin,1913,1990,"actress,miscellaneous,producer","tt0054176,tt0046637,tt0036461,tt0033396",27
tt0032809,2.0,nm0696481,Robert Preston,"tt0056262,tt0084865,tt0087597,tt0083015",22,1.0,nm0483787,movie,Moon Over Burma,0.0,\N,76,Moon Over Burma,1940,"Adventure,Romance",Dorothy Lamour,1914,1996,"actress,soundtrack,archive_footage","tt0092796,tt0032993,tt0057007,tt0039645",26
tt0032834,2.0,nm0928295,Henry Wilcoxon,"tt0049833,tt0080487,tt0035093,tt0045125",35,1.0,nm0484808,movie,Mystery Sea Raider,0.0,\N,73,Mystery Sea Raider,1940,"Drama,War",Carole Landis,1919,1948,"actress,writer,soundtrack","tt0033740,tt0038908,tt0034303,tt0034115",21
tt0032843,1.0,nm0615108,Ken Murray,"tt0056217,tt0032843,tt0060420,tt0039188",37,2.0,nm0387556,movie,A Night at Earl Carroll's,0.0,\N,62,A Night at Earl Carroll's,1940,"Comedy,Crime,Musical",Rose Hobart,1906,2000,"actress,soundtrack,archive_footage","tt0022835,tt0037611,tt0021074,tt0033747",34
tt0032850,1.0,nm0000011,Gary Cooper,"tt0044706,tt0034167,tt0035896,tt0027996",39,2.0,nm0140914,movie,North West Mounted Police,0.0,\N,126,North West Mounted Police,1940,"Drama,Romance,Western",Madeleine Carroll,1906,1987,"actress,archive_footage","tt0026029,tt0035100,tt0029442,tt0029057",34
tt0032876,1.0,nm0749476,Charles Ruggles,"tt0055277,tt0024359,tt0039502,tt0026955",54,2.0,nm0517578,movie,Opened by Mistake,0.0,\N,67,Opened by Mistake,1940,"Comedy,Crime,Mystery",Janice Logan,1915,1965,actress,"tt0032412,tt0032876,tt0221249,tt0032077",25
tt0032890,1.0,nm0378026,William Henry,"tt0025878,tt0032009,tt0032890,tt0038644",26,2.0,nm0197713,movie,Parole Fixer,0.0,\N,68,Parole Fixer,1940,"Action,Crime,Drama",Virginia Dale,1917,1994,"actress,soundtrack,archive_footage","tt0034862,tt0031221,tt0031031,tt0040296",23
tt0032957,1.0,nm0606998,Wayne Morris,"tt0050825,tt0034204,tt0041486,tt0029080",26,3.0,nm0197713,movie,The Quarterback,0.0,\N,74,The Quarterback,1940,Comedy,Virginia Dale,1917,1994,"actress,soundtrack,archive_footage","tt0034862,tt0031221,tt0031031,tt0040296",23
tt0032958,1.0,nm0000897,Ralph Bellamy,"tt0034398,tt0032599,tt0086465,tt0028597",36,2.0,nm0951063,movie,Queen of the Mob,0.0,\N,61,Queen of the Mob,1940,"Crime,Drama",Blanche Yurka,1887,1974,"actress,archive_footage","tt0027075,tt0036377,tt0036731,tt0036672",53
tt0032973,1.0,nm0534045,Fred MacMurray,"tt0036775,tt0053604,tt0046816,tt0057518",32,4.0,nm0605685,movie,Rangers of Fortune,0.0,\N,80,Rangers of Fortune,1940,Western,Patricia Morison,1915,2018,"actress,soundtrack,archive_footage","tt0036377,tt0038494,tt0035706,tt0036005",25
tt0032986,1.0,nm0001078,Bing Crosby,"tt0047673,tt0049314,tt0036872,tt0046874",37,2.0,nm0552756,movie,Rhythm on the River,0.0,\N,92.0,Rhythm on the River,1940,"Comedy,Musical",Mary Martin,1913,1990,"actress,miscellaneous,producer","tt0054176,tt0046637,tt0036461,tt0033396",27
tt0032993,1.0,nm0001078,Bing Crosby,"tt0047673,tt0049314,tt0036872,tt0046874",37,3.0,nm0483787,movie,Road to Singapore,0.0,\N,85.0,Road to Singapore,1940,"Comedy,Musical,Romance",Dorothy Lamour,1914,1996,"actress,soundtrack,archive_footage","tt0092796,tt0032993,tt0057007,tt0039645",26
tt0033009,1.0,nm0001195,Douglas Fairbanks Jr.,"tt0021079,tt0024962,tt0041363,tt0029442",31,2.0,nm0140914,movie,Safari,0.0,\N,80.0,Safari,1940,"Adventure,Drama,Romance",Madeleine Carroll,1906,1987,"actress,archive_footage","tt0026029,tt0035100,tt0029442,tt0029057",34
tt0033020,1.0,nm0101955,William Boyd,"tt0024018,tt0027415,tt0040787,tt0022243",45,3.0,nm0708081,movie,Santa Fe Marshal,0.0,\N,68.0,Santa Fe Marshal,1940,Western,Marjorie Rambeau,1889,1970,"actress,soundtrack,archive_footage","tt0032946,tt0033187,tt0034297,tt0026282",51
tt0033029,1.0,nm0000001,Fred Astaire,"tt0072308,tt0050419,tt0053137,tt0027125",41,2.0,nm0002104,movie,Second Chorus,0.0,\N,84.0,Second Chorus,1940,"Comedy,Musical,Romance",Paulette Goddard,1910,1990,"actress,producer,soundtrack","tt0032520,tt0027977,tt0033722,tt0037849",30
tt0033039,1.0,nm0178114,Jackie Cooper,"tt0078346,tt0081573,tt0086393,tt0094074",18,2.0,nm0275897,movie,Seventeen,0.0,\N,78.0,Seventeen,1940,"Comedy,Drama",Betty Field,1916,1973,"actress,soundtrack,archive_footage","tt0031742,tt0033409,tt0048491,tt0050839",24
tt0033047,1.0,nm0101955,William Boyd,"tt0024018,tt0027415,tt0040787,tt0022243",45,5.0,nm0165715,movie,The Showdown,0.0,\N,65.0,The Showdown,1940,"Drama,Western",Jan Clayton,1917,1983,"actress,soundtrack,archive_footage","tt0046617,tt0038163,tt0032476,tt1478608",23
tt0033099,1.0,nm0101955,William Boyd,"tt0024018,tt0027415,tt0040787,tt0022243",45,3.0,nm0141741,movie,Stagecoach War,0.0,\N,63,Stagecoach War,1940,"Drama,Western",Julie Carter,1913,1991,"actress,archive_footage","tt0020320,tt0032276,tt0033099",27
tt0033140,2.0,nm0397397,John Howard,"tt0032904,tt0029162,tt0028667,tt0029952",27,1.0,nm0237655,movie,Texas Rangers Ride Again,0.0,\N,68,Texas Rangers Ride Again,1940,"Drama,Western",Ellen Drew,1914,2003,"actress,soundtrack,archive_footage","tt0032338,tt0037820,tt0033916,tt0042229",26
tt0033155,1.0,nm0000034,William Holden,"tt0046359,tt0047437,tt0043014,tt0074958",22,2.0,nm0335748,movie,Those Were the Days!,0.0,\N,74.0,Those Were the Days!,1940,"Comedy,Romance",Bonita Granville,1923,1988,"producer,actress,director","tt0035140,tt0030442,tt0030491,tt0028356",17
tt0033160,1.0,nm0101955,William Boyd,"tt0024018,tt0027415,tt0040787,tt0022243",45,7.0,nm0261890,movie,Three Men from Texas,0.0,\N,76.0,Three Men from Texas,1940,Western,Esther Estrella,1919,2005,actress,"tt0032706,tt0033160,tt0035487,tt0034057",21
tt0033196,2.0,nm0696481,Robert Preston,"tt0056262,tt0084865,tt0087597,tt0083015",22,1.0,nm0483787,movie,Typhoon,0.0,\N,70.0,Typhoon,1940,"Adventure,Romance",Dorothy Lamour,1914,1996,"actress,soundtrack,archive_footage","tt0092796,tt0032993,tt0057007,tt0039645",26
tt0033208,1.0,nm0001537,Ray Milland,"tt0037884,tt0046912,tt0066011,tt0037415",33,2.0,nm0605685,movie,Untamed,0.0,\N,83.0,Untamed,1940,"Adventure,Drama,Romance",Patricia Morison,1915,2018,"actress,soundtrack,archive_footage","tt0036377,tt0038494,tt0035706,tt0036005",25
tt0033220,1.0,nm0545298,Fredric March,"tt0036868,tt0053946,tt0022835,tt0058576",43,2.0,nm0275897,movie,Victory,0.0,\N,79,Victory,1940,"Adventure,Drama",Betty Field,1916,1973,"actress,soundtrack,archive_footage","tt0031742,tt0033409,tt0048491,tt0050839",24
tt0033244,1.0,nm0848667,Akim Tamiroff,"tt0052311,tt0035896,tt0058898,tt0057427",41,2.0,nm0313438,movie,The Way of All Flesh,0.0,\N,86,The Way of All Flesh,1940,"Crime,Drama,Romance",Gladys George,1900,1954,"actress,soundtrack,archive_footage","tt0031867,tt0033870,tt0036868,tt0043625",40
tt0033272,2.0,nm0656745,Robert Paige,"tt0036376,tt0030234,tt0031324,tt0029223",30,1.0,nm0237655,movie,Women Without Names,0.0,\N,62,Women Without Names,1940,"Crime,Drama,Romance",Ellen Drew,1914,2003,"actress,soundtrack,archive_footage","tt0032338,tt0037820,tt0033916,tt0042229",26
tt0033331,2.0,nm0355755,Jon Hall,"tt0036959,tt0034902,tt0034465,tt0040710",26,1.0,nm0483787,movie,Aloma of the South Seas,0.0,\N,78.0,Aloma of the South Seas,1941,Drama,Dorothy Lamour,1914,1996,"actress,soundtrack,archive_footage","tt0092796,tt0032993,tt0057007,tt0039645",27
tt0033337,1.0,nm0215260,Albert Dekker,"tt0065214,tt0048261,tt0032412,tt0039416",36,3.0,nm0001333,movie,Among the Living,0.0,\N,67.0,Among the Living,1941,"Drama,Film-Noir,Mystery",Susan Hayward,1917,1975,"actress,soundtrack,archive_footage","tt0045333,tt0051758,tt0048191,tt0041672",24
tt0033372,2.0,nm0001330,Sterling Hayden,"tt0057012,tt0049406,tt0068646,tt0042208",25,1.0,nm0140914,movie,Bahama Passage,0.0,\N,82.0,Bahama Passage,1941,"Drama,Romance",Madeleine Carroll,1906,1987,"actress,archive_footage","tt0026029,tt0035100,tt0029442,tt0029057",35
tt0033396,1.0,nm0001078,Bing Crosby,"tt0047673,tt0049314,tt0036872,tt0046874",38,2.0,nm0552756,movie,Birth of the Blues,0.0,\N,87,Birth of the Blues,1941,"History,Music,Romance",Mary Martin,1913,1990,"actress,miscellaneous,producer","tt0054176,tt0046637,tt0036461,tt0033396",28
tt0033425,1.0,nm0101955,William Boyd,"tt0024018,tt0027415,tt0040787,tt0022243",46,4.0,nm0317519,movie,Border Vigilantes,0.0,\N,63,Border Vigilantes,1941,Western,Frances Gifford,1920,1994,"actress,archive_footage","tt0036414,tt0034798,tt0032602,tt0033776",21
tt0033442,1.0,nm0634313,Lloyd Nolan,"tt0091167,tt0062575,tt0065377,tt0071455",39,2.0,nm0601073,movie,Buy Me That Town,0.0,\N,70,Buy Me That Town,1941,"Comedy,Drama,Mystery",Constance Moore,1920,2005,"actress,soundtrack,archive_footage","tt0036619,tt0032290,tt0037636,tt0033442",21
tt0033455,1.0,nm0001362,Bob Hope,"tt0032520,tt0031143,tt0039645,tt0045094",38,2.0,nm0483787,movie,Caught in the Draft,0.0,\N,82,Caught in the Draft,1941,Comedy,Dorothy Lamour,1914,1996,"actress,soundtrack,archive_footage","tt0092796,tt0032993,tt0057007,tt0039645",27
tt0033546,1.0,nm0101955,William Boyd,"tt0024018,tt0027415,tt0040787,tt0022243",46,4.0,nm0326809,movie,Doomed Caravan,0.0,\N,62.0,Doomed Caravan,1941,"Drama,Western",Minna Gombell,1892,1973,"actress,archive_footage","tt0025878,tt0029923,tt0036868,tt0029192",49
tt0033611,1.0,nm0035159,Richard Arlen,"tt0024188,tt0018578,tt0021070,tt0031661",42,2.0,nm0662335,movie,Flying Blind,0.0,\N,69.0,Flying Blind,1941,"Comedy,Drama",Jean Parker,1915,2005,"actress,soundtrack,archive_footage","tt0024264,tt0042531,tt0035453,tt0036653",26
tt0033620,1.0,nm0035159,Richard Arlen,"tt0024188,tt0018578,tt0021070,tt0031661",42,2.0,nm0001247,movie,Forced Landing,0.0,\N,67.0,Forced Landing,1941,Adventure,Eva Gabor,1919,1995,"actress,soundtrack,archive_footage","tt0058808,tt0076618,tt0065421,tt0100477",22
tt0033666,1.0,nm0178114,Jackie Cooper,"tt0078346,tt0081573,tt0086393,tt0094074",19,2.0,nm0288078,movie,Glamour Boy,0.0,\N,79.0,Glamour Boy,1941,"Comedy,Drama",Susanna Foster,1924,2009,"actress,soundtrack,archive_footage","tt0036261,tt0033666,tt0036715,tt0037717",17
tt0033708,1.0,nm0527996,Jimmy Lydon,"tt0075393,tt0038126,tt0040676,tt0042578",18,2.0,nm0695863,movie,Henry Aldrich for President,0.0,\N,75.0,Henry Aldrich for President,1941,"Comedy,Family",June Preisser,1920,1984,"actress,soundtrack","tt0037100,tt0038664,tt0040208,tt0031066",21
tt0033722,1.0,nm0000964,Charles Boyer,"tt0036855,tt0028739,tt0033722,tt0029855",42,2.0,nm0000014,movie,Hold Back the Dawn,0.0,\N,116.0,Hold Back the Dawn,1941,"Drama,Romance",Olivia de Havilland,1916,2020,"actress,soundtrack,archive_footage","tt0031381,tt0041452,tt0029843,tt0040806",25
tt0033741,1.0,nm0001537,Ray Milland,"tt0037884,tt0046912,tt0066011,tt0037415",34,5.0,nm0601073,movie,I Wanted Wings,0.0,\N,135.0,I Wanted Wings,1941,"Drama,War",Constance Moore,1920,2005,"actress,soundtrack,archive_footage","tt0036619,tt0032290,tt0037636,tt0033442",21
tt0033753,1.0,nm0101955,William Boyd,"tt0024018,tt0027415,tt0040787,tt0022243",46,4.0,nm0371135,movie,In Old Colorado,0.0,\N,66.0,In Old Colorado,1941,"Drama,Western",Margaret Hayes,1916,1977,"actress,miscellaneous,archive_footage","tt0034240,tt0048790,tt0034798,tt0049027",25
tt0033791,1.0,nm0000747,Don Ameche,"tt0088933,tt0086465,tt0035979,tt0107131",33,2.0,nm0552756,movie,Kiss the Boys Goodbye,0.0,\N,85,Kiss the Boys Goodbye,1941,Comedy,Mary Martin,1913,1990,"actress,miscellaneous,producer","tt0054176,tt0046637,tt0036461,tt0033396",28
tt0033804,2.0,nm0000020,Henry Fonda,"tt0050083,tt0082846,tt0032551,tt0051207",36,1.0,nm0001766,movie,The Lady Eve,0.0,\N,94,The Lady Eve,1941,"Comedy,Romance",Barbara Stanwyck,1907,1990,"actress,soundtrack,archive_footage","tt0036775,tt0033373,tt0040823,tt0032080",34
tt0033814,1.0,nm0234186,Tommy Dorsey,"tt0035320,tt0075686,tt0308383,tt0035829",36,3.0,nm0601073,movie,Las Vegas Nights,0.0,\N,90,Las Vegas Nights,1941,Comedy,Constance Moore,1920,2005,"actress,soundtrack,archive_footage","tt0036619,tt0032290,tt0037636,tt0033442",21
tt0033834,1.0,nm0178114,Jackie Cooper,"tt0078346,tt0081573,tt0086393,tt0094074",18,2.0,nm0259717,movie,Life with Henry,0.0,\N,80,Life with Henry,1940,"Comedy,Family,Romance",Leila Ernst,1920,1970,actress,tt0033834,20
tt0033851,1.0,nm0001362,Bob Hope,"tt0032520,tt0031143,tt0039645,tt0045094",38,2.0,nm0957936,movie,Louisiana Purchase,0.0,\N,98,Louisiana Purchase,1941,"Comedy,Musical",Vera Zorina,1917,2003,"actress,soundtrack,archive_footage","tt0032620,tt0033851,tt0036832,tt0030194",24
tt0033861,1.0,nm0001651,Basil Rathbone,"tt0029843,tt0035317,tt0036348,tt0032762",48,2.0,nm0237655,movie,The Mad Doctor,0.0,\N,90,The Mad Doctor,1940,"Crime,Film-Noir,Romance",Ellen Drew,1914,2003,"actress,soundtrack,archive_footage","tt0032338,tt0037820,tt0033916,tt0042229",26
tt0033916,2.0,nm0656745,Robert Paige,"tt0036376,tt0030234,tt0031324,tt0029223",31,1.0,nm0237655,movie,The Monster and the Girl,0.0,\N,65,The Monster and the Girl,1941,"Crime,Drama,Horror",Ellen Drew,1914,2003,"actress,soundtrack,archive_footage","tt0032338,tt0037820,tt0033916,tt0042229",27
tt0033947,1.0,nm0534045,Fred MacMurray,"tt0036775,tt0053604,tt0046816,tt0057518",33,2.0,nm0552756,movie,New York Town,0.0,\N,94,New York Town,1941,"Comedy,Romance",Mary Martin,1913,1990,"actress,miscellaneous,producer","tt0054176,tt0046637,tt0036461,tt0033396",28
tt0033954,1.0,nm0696481,Robert Preston,"tt0056262,tt0084865,tt0087597,tt0083015",23,2.0,nm0237655,movie,The Night of January 16th,0.0,\N,80,The Night of January 16th,1941,"Crime,Drama,Film-Noir",Ellen Drew,1914,2003,"actress,soundtrack,archive_footage","tt0032338,tt0037820,tt0033916,tt0042229",27
tt0033958,1.0,nm0606431,Chester Morris,"tt0020827,tt0024679,tt0020686,tt0019630",40,2.0,nm0662335,movie,No Hands on the Clock,0.0,\N,76,No Hands on the Clock,1941,"Crime,Mystery",Jean Parker,1915,2005,"actress,soundtrack,archive_footage","tt0024264,tt0042531,tt0035453,tt0036653",26
tt0033981,1.0,nm0534045,Fred MacMurray,"tt0036775,tt0053604,tt0046816,tt0057518",33,2.0,nm0140914,movie,One Night in Lisbon,0.0,\N,97,One Night in Lisbon,1941,Comedy,Madeleine Carroll,1906,1987,"actress,archive_footage","tt0026029,tt0035100,tt0029442,tt0029057",35
tt0033989,1.0,nm0101955,William Boyd,"tt0024018,tt0027415,tt0040787,tt0022243",46,5.0,nm0680482,movie,Outlaws of the Desert,0.0,\N,66,Outlaws of the Desert,1941,"Drama,Western",Jean Phillips,1914,1970,actress,"tt0033954,tt0033337,tt0034678,tt0035442",27
tt0033993,1.0,nm0696481,Robert Preston,"tt0056262,tt0084865,tt0087597,tt0083015",23,2.0,nm0640930,movie,Pacific Blackout,0.0,\N,76,Pacific Blackout,1941,Mystery,Martha O'Driscoll,1922,1998,"actress,soundtrack,archive_footage","tt0037793,tt0038203,tt0038364,tt0038490",19
tt0034004,1.0,nm0749476,Charles Ruggles,"tt0055277,tt0024359,tt0039502,tt0026955",55,2.0,nm0237655,movie,The Parson of Panamint,0.0,\N,84,The Parson of Panamint,1941,"Adventure,Romance,Western",Ellen Drew,1914,2003,"actress,soundtrack,archive_footage","tt0032338,tt0037820,tt0033916,tt0042229",27
tt0034030,1.0,nm0101955,William Boyd,"tt0024018,tt0027415,tt0040787,tt0022243",46,4.0,nm0829362,movie,Pirates on Horseback,0.0,\N,69,Pirates on Horseback,1941,Western,Eleanor Stewart,1913,2007,"actress,miscellaneous,archive_footage","tt0029464,tt0030690,tt0034030,tt0033238",28
tt0034056,1.0,nm0035159,Richard Arlen,"tt0024188,tt0018578,tt0021070,tt0031661",42,2.0,nm0662335,movie,Power Dive,0.0,\N,68,Power Dive,1941,"Adventure,Drama",Jean Parker,1915,2005,"actress,soundtrack,archive_footage","tt0024264,tt0042531,tt0035453,tt0036653",26
tt0034086,1.0,nm0566948,Joel McCrea,"tt0034240,tt0032484,tt0023238,tt0056412",36,2.0,nm0237655,movie,Reaching for the Sun,0.0,\N,90,Reaching for the Sun,1941,"Drama,Romance",Ellen Drew,1914,2003,"actress,soundtrack,archive_footage","tt0032338,tt0037820,tt0033916,tt0042229",27
tt0034105,1.0,nm0101955,William Boyd,"tt0024018,tt0027415,tt0040787,tt0022243",46,5.0,nm0829362,movie,Riders of the Timberline,0.0,\N,59,Riders of the Timberline,1941,"Drama,Western",Eleanor Stewart,1913,2007,"actress,miscellaneous,archive_footage","tt0029464,tt0030690,tt0034030,tt0033238",28
tt0034116,1.0,nm0001078,Bing Crosby,"tt0047673,tt0049314,tt0036872,tt0046874",38,3.0,nm0483787,movie,Road to Zanzibar,0.0,\N,91,Road to Zanzibar,1941,"Adventure,Comedy,Musical",Dorothy Lamour,1914,1996,"actress,soundtrack,archive_footage","tt0092796,tt0032993,tt0057007,tt0039645",27
tt0034133,1.0,nm0228715,Richard Dix,"tt0021746,tt0015117,tt0016439,tt0016345",48,2.0,nm0605685,movie,The Round Up,0.0,\N,90,The Round Up,1941,Western,Patricia Morison,1915,2018,"actress,soundtrack,archive_footage","tt0036377,tt0038494,tt0035706,tt0036005",26
tt0034166,1.0,nm0101955,William Boyd,"tt0024018,tt0027415,tt0040787,tt0022243",46,4.0,nm0948540,movie,Secret of the Wastelands,0.0,\N,66,Secret of the Wastelands,1941,"Drama,Western",Soo Yong,1903,1984,"actress,archive_footage","tt0028944,tt0050933,tt0026205,tt0054885",38
tt0034182,1.0,nm0000078,John Wayne,"tt0065126,tt0056217,tt0075213,tt0053580",34,2.0,nm0275897,movie,The Shepherd of the Hills,0.0,\N,98,The Shepherd of the Hills,1941,"Adventure,Drama,Romance",Betty Field,1916,1973,"actress,soundtrack,archive_footage","tt0031742,tt0033409,tt0048491,tt0050839",25
tt0034198,2.0,nm0001537,Ray Milland,"tt0037884,tt0046912,tt0066011,tt0037415",34,1.0,nm0001055,movie,Skylark,0.0,\N,92,Skylark,1941,"Comedy,Romance",Claudette Colbert,1903,1996,"actress,soundtrack,archive_footage","tt0025316,tt0036367,tt0029929,tt0037280",38
tt0034233,1.0,nm0101955,William Boyd,"tt0024018,tt0027415,tt0040787,tt0022243",46,4.0,nm0392450,movie,Stick to Your Guns,0.0,\N,63,Stick to Your Guns,1941,"Drama,Western",Jennifer Holt,1920,1997,"actress,soundtrack,archive_footage","tt0039227,tt0039380,tt0037940,tt0037757",21
tt0034240,1.0,nm0566948,Joel McCrea,"tt0034240,tt0032484,tt0023238,tt0056412",36,2.0,nm0000043,movie,Sullivan's Travels,0.0,\N,90,Sullivan's Travels,1941,"Adventure,Comedy,Drama",Veronica Lake,1922,1973,"actress,producer,soundtrack","tt0034240,tt0038369,tt0035432,tt0034881",19
tt0034275,1.0,nm0427452,Allan Jones,"tt0026778,tt0028249,tt0030108,tt0093818",34,2.0,nm0288078,movie,The Hard-Boiled Canary,0.0,\N,80,The Hard-Boiled Canary,1941,"Comedy,Music,Romance",Susanna Foster,1924,2009,"actress,soundtrack,archive_footage","tt0036261,tt0033666,tt0036715,tt0037717",17
tt0034320,1.0,nm0101955,William Boyd,"tt0024018,tt0027415,tt0040787,tt0022243",46,4.0,nm0571085,movie,Twilight on the Trail,0.0,\N,57,Twilight on the Trail,1941,Western,Wanda McKay,1915,1996,"actress,archive_footage","tt0040500,tt0035791,tt0037084,tt0037786",26
tt0034364,2.0,nm0534045,Fred MacMurray,"tt0036775,tt0053604,tt0046816,tt0057518",33,1.0,nm0140914,movie,Virginia,0.0,\N,110,Virginia,1941,"Drama,Romance",Madeleine Carroll,1906,1987,"actress,archive_footage","tt0026029,tt0035100,tt0029442,tt0029057",35
tt0034381,2.0,nm0137999,Richard Carlson,"tt0046876,tt0045920,tt0033836,tt0032520",29,1.0,nm0794297,movie,West Point Widow,0.0,\N,63,West Point Widow,1941,"Comedy,Romance",Anne Shirley,1918,1993,"actress,soundtrack,archive_footage","tt0037101,tt0033532,tt0029608,tt0021074",23
tt0034391,1.0,nm0101955,William Boyd,"tt0024018,tt0027415,tt0040787,tt0022243",46,4.0,nm0107574,movie,Wide Open Town,0.0,\N,79,Wide Open Town,1941,Western,Evelyn Brent,1899,1975,"actress,soundtrack,archive_footage","tt0021374,tt0020900,tt0148436,tt0027069",42
tt0034402,1.0,nm0000858,John Barrymore,"tt0025919,tt0022958,tt0017354,tt0014702",59,2.0,nm0002068,movie,World Premiere,0.0,\N,71,World Premiere,1941,Comedy,Frances Farmer,1913,1970,"actress,writer,soundtrack","tt0032481,tt0029675,tt0035360,tt0028817",28
tt0034412,2.0,nm0875965,Orrin Tucker,"tt4276820,tt0034412,tt0048904,tt0073596",30,1.0,nm0048284,movie,You're the One,0.0,\N,83,You're the One,1941,"Comedy,Music,Romance",Bonnie Baker,1917,1990,"actress,soundtrack","tt4276820,tt0034412,tt0036382,tt0148560",24
tt0034467,1.0,nm0001537,Ray Milland,"tt0037884,tt0046912,tt0066011,tt0037415",35,2.0,nm0275897,movie,Are Husbands Necessary?,0.0,\N,79,Are Husbands Necessary?,1942,"Comedy,Mystery,Romance",Betty Field,1916,1973,"actress,soundtrack,archive_footage","tt0031742,tt0033409,tt0048491,tt0050839",26
tt0034510,2.0,nm0219396,Richard Denning,"tt0050105,tt0050197,tt0046876,tt0047960",28,1.0,nm0483787,movie,Beyond the Blue Horizon,0.0,\N,76,Beyond the Blue Horizon,1942,"Action,Adventure,Comedy",Dorothy Lamour,1914,1996,"actress,soundtrack,archive_footage","tt0092796,tt0032993,tt0057007,tt0039645",28
tt0034639,1.0,nm0930776,Hugh Williams,"tt0039883,tt0032145,tt0035153,tt0044716",38,3.0,nm0000039,movie,The Day Will Dawn,0.0,\N,87,The Avengers,1942,"Drama,War",Deborah Kerr,1921,2007,"actress,soundtrack,archive_footage","tt0049408,tt0045793,tt0039192,tt0050105",21
tt0034678,1.0,nm0136994,Macdonald Carey,"tt0036342,tt0058796,tt0043736,tt0039873",29,2.0,nm0680482,movie,Dr. Broadway,0.0,\N,68.0,Dr. Broadway,1942,"Crime,Drama,Mystery",Jean Phillips,1914,1970,actress,"tt0033954,tt0033337,tt0034678,tt0035442",28
tt0034736,2.0,nm0000034,William Holden,"tt0046359,tt0047437,tt0043014,tt0074958",24,1.0,nm0483787,movie,The Fleet's In,0.0,\N,93.0,The Fleet's In,1942,"Musical,Romance",Dorothy Lamour,1914,1996,"actress,soundtrack,archive_footage","tt0092796,tt0032993,tt0057007,tt0039645",28
tt0034749,1.0,nm0534045,Fred MacMurray,"tt0036775,tt0053604,tt0046816,tt0057518",34,2.0,nm0002104,movie,The Forest Rangers,0.0,\N,87.0,The Forest Rangers,1942,Drama,Paulette Goddard,1910,1990,"actress,producer,soundtrack","tt0032520,tt0027977,tt0033722,tt0037849",32
tt0034798,1.0,nm0000042,Alan Ladd,"tt0046303,tt0035432,tt0038369,tt0055718",29,2.0,nm0000043,movie,The Glass Key,0.0,\N,85,The Glass Key,1942,"Crime,Drama,Film-Noir",Veronica Lake,1922,1973,"actress,producer,soundtrack","tt0034240,tt0038369,tt0035432,tt0034881",20
tt0034812,2.0,nm0566948,Joel McCrea,"tt0034240,tt0032484,tt0023238,tt0056412",36,1.0,nm0001766,movie,The Great Man's Lady,0.0,\N,90,The Great Man's Lady,1941,"Drama,Romance,Western",Barbara Stanwyck,1907,1990,"actress,soundtrack,archive_footage","tt0036775,tt0033373,tt0040823,tt0032080",34
tt0034842,1.0,nm0527996,Jimmy Lydon,"tt0075393,tt0038126,tt0040676,tt0042578",19,4.0,nm0086830,movie,"Henry Aldrich, Editor",0.0,\N,72,"Henry Aldrich, Editor",1942,"Comedy,Drama,Family",Olive Blakeney,1894,1959,"actress,archive_footage","tt0038990,tt0034274,tt0035984,tt0036908",48
tt0034844,1.0,nm0527996,Jimmy Lydon,"tt0075393,tt0038126,tt0040676,tt0042578",19,3.0,nm0027156,movie,Henry and Dizzy,0.0,\N,71,Henry and Dizzy,1942,"Comedy,Family",Mary Anderson,1918,2014,"actress,archive_footage","tt0037017,tt0031381,tt0037465,tt0036377",24
tt0034862,1.0,nm0001078,Bing Crosby,"tt0047673,tt0049314,tt0036872,tt0046874",39,3.0,nm0721851,movie,Holiday Inn,0.0,\N,100,Holiday Inn,1942,"Comedy,Drama,Music",Marjorie Reynolds,1917,1997,"actress,soundtrack,archive_footage","tt0039037,tt0034862,tt0032404,tt0043643",25
tt0034880,1.0,nm0606431,Chester Morris,"tt0020827,tt0024679,tt0020686,tt0019630",41,2.0,nm0662335,movie,I Live on Danger,0.0,\N,73,I Live on Danger,1942,Thriller,Jean Parker,1915,2005,"actress,soundtrack,archive_footage","tt0024264,tt0042531,tt0035453,tt0036653",27
tt0034958,1.0,nm0000734,Eddie Albert,"tt0046250,tt0058808,tt0068687,tt0056197",35,2.0,nm0794297,movie,Lady Bodyguard,0.0,\N,69,Lady Bodyguard,1943,Comedy,Anne Shirley,1918,1993,"actress,soundtrack,archive_footage","tt0037101,tt0033532,tt0029608,tt0021074",25
tt0034960,1.0,nm0001537,Ray Milland,"tt0037884,tt0046912,tt0066011,tt0037415",35,2.0,nm0002104,movie,The Lady Has Plans,0.0,\N,77,The Lady Has Plans,1942,Drama,Paulette Goddard,1910,1990,"actress,producer,soundtrack","tt0032520,tt0027977,tt0033722,tt0037849",32
tt0034998,1.0,nm0000042,Alan Ladd,"tt0046303,tt0035432,tt0038369,tt0055718",29,2.0,nm0907785,movie,Lucky Jordan,0.0,\N,84.0,Lucky Jordan,1942,Drama,Helen Walker,1920,1968,"actress,soundtrack,archive_footage","tt0037557,tt0040202,tt0037046,tt0041503",22
tt0035019,2.0,nm0001537,Ray Milland,"tt0037884,tt0046912,tt0066011,tt0037415",35,1.0,nm0001677,movie,The Major and the Minor,0.0,\N,100.0,The Major and the Minor,1942,"Comedy,Romance",Ginger Rogers,1911,1995,"actress,soundtrack,archive_footage","tt0032671,tt0035019,tt0044916,tt0032946",31
tt0035094,2.0,nm0001890,Hugh Herbert,"tt0033397,tt0020953,tt0030202,tt0029541",58,1.0,nm0047810,movie,Mrs. Wiggs of the Cabbage Patch,0.0,\N,80,Mrs. Wiggs of the Cabbage Patch,1942,"Comedy,Drama,Romance",Fay Bainter,1893,1968,"actress,soundtrack,archive_footage","tt0030287,tt0054743,tt0038116,tt0030973",49
tt0035100,1.0,nm0001362,Bob Hope,"tt0032520,tt0031143,tt0039645,tt0045094",39,2.0,nm0140914,movie,My Favorite Blonde,0.0,\N,78,My Favorite Blonde,1942,Comedy,Madeleine Carroll,1906,1987,"actress,archive_footage","tt0026029,tt0035100,tt0029442,tt0029057",36
tt0035104,1.0,nm0137999,Richard Carlson,"tt0046876,tt0045920,tt0033836,tt0032520",30,2.0,nm0640930,movie,My Heart Belongs to Daddy,0.0,\N,75,My Heart Belongs to Daddy,1942,"Comedy,Romance",Martha O'Driscoll,1922,1998,"actress,soundtrack,archive_footage","tt0037793,tt0038203,tt0038364,tt0038490",20
tt0035125,1.0,nm0696481,Robert Preston,"tt0056262,tt0084865,tt0087597,tt0083015",25,2.0,nm0237655,movie,Night Plane from Chungking,0.0,\N,69.0,Night Plane from Chungking,1943,Drama,Ellen Drew,1914,2003,"actress,soundtrack,archive_footage","tt0032338,tt0037820,tt0033916,tt0042229",29
tt0035126,1.0,nm0288003,Preston Foster,"tt0023629,tt0023042,tt0044789,tt0026605",42,2.0,nm0605685,movie,Night in New Orleans,0.0,\N,75.0,Night in New Orleans,1942,"Comedy,Crime,Drama",Patricia Morison,1915,2018,"actress,soundtrack,archive_footage","tt0036377,tt0038494,tt0035706,tt0036005",27
tt0035169,2.0,nm0566948,Joel McCrea,"tt0034240,tt0032484,tt0023238,tt0056412",37,1.0,nm0001055,movie,The Palm Beach Story,0.0,\N,88.0,The Palm Beach Story,1942,"Comedy,Romance",Claudette Colbert,1903,1996,"actress,soundtrack,archive_footage","tt0025316,tt0036367,tt0029929,tt0037280",39
tt0035216,2.0,nm0426708,Johnny Johnston,"tt0040565,tt0049682,tt0047780,tt0035216",27,1.0,nm0587900,movie,Priorities on Parade,0.0,\N,79,Priorities on Parade,1942,"Comedy,Musical,Romance",Ann Miller,1923,2004,"actress,miscellaneous,soundtrack","tt0166924,tt0030993,tt0041716,tt0036306",19
tt0035244,1.0,nm0001537,Ray Milland,"tt0037884,tt0046912,tt0066011,tt0037415",35,3.0,nm0002104,movie,Reap the Wild Wind,0.0,\N,123,Reap the Wild Wind,1942,"Action,Adventure,Drama",Paulette Goddard,1910,1990,"actress,producer,soundtrack","tt0032520,tt0027977,tt0033722,tt0037849",32
tt0035247,1.0,nm0002046,Brian Donlevy,"tt0031088,tt0041503,tt0034798,tt0050873",41,3.0,nm0237655,movie,The Remarkable Andrew,0.0,\N,81,The Remarkable Andrew,1942,"Comedy,Fantasy",Ellen Drew,1914,2003,"actress,soundtrack,archive_footage","tt0032338,tt0037820,tt0033916,tt0042229",28
tt0035262,1.0,nm0001078,Bing Crosby,"tt0047673,tt0049314,tt0036872,tt0046874",39,4.0,nm0483787,movie,Road to Morocco,0.0,\N,82,Road to Morocco,1942,"Adventure,Comedy,Family",Dorothy Lamour,1914,1996,"actress,soundtrack,archive_footage","tt0092796,tt0032993,tt0057007,tt0039645",28
tt0035379,1.0,nm0001078,Bing Crosby,"tt0047673,tt0049314,tt0036872,tt0046874",39,7.0,nm0483787,movie,Star Spangled Rhythm,0.0,\N,99,Star Spangled Rhythm,1942,"Comedy,Music",Dorothy Lamour,1914,1996,"actress,soundtrack,archive_footage","tt0092796,tt0032993,tt0057007,tt0039645",28
tt0035388,1.0,nm0580565,Burgess Meredith,"tt0082186,tt0075148,tt0084602,tt0079817",35,2.0,nm0872456,movie,Street of Chance,0.0,\N,74,Street of Chance,1942,"Crime,Drama,Film-Noir",Claire Trevor,1910,2000,"actress,soundtrack,archive_footage","tt0040506,tt0031971,tt0037101,tt0028773",32
tt0035400,1.0,nm0102787,Eddie Bracken,"tt0036891,tt0085995,tt0037077,tt0107985",27,2.0,nm0695863,movie,Sweater Girl,0.0,\N,77,Sweater Girl,1942,"Comedy,Musical,Mystery",June Preisser,1920,1984,"actress,soundtrack","tt0037100,tt0038664,tt0040208,tt0031066",22
tt0035413,2.0,nm0534045,Fred MacMurray,"tt0036775,tt0053604,tt0046816,tt0057518",34,1.0,nm0751426,movie,"Take a Letter, Darling",0.0,\N,92.0,"Take a Letter, Darling",1942,"Comedy,Romance",Rosalind Russell,1907,1976,"actress,writer,soundtrack","tt0051383,tt0032599,tt0056048,tt0032143",35
tt0035432,1.0,nm0000042,Alan Ladd,"tt0046303,tt0035432,tt0038369,tt0055718",29,2.0,nm0000043,movie,This Gun for Hire,0.0,\N,81.0,This Gun for Hire,1942,"Crime,Drama,Film-Noir",Veronica Lake,1922,1973,"actress,producer,soundtrack","tt0034240,tt0038369,tt0035432,tt0034881",20
tt0035458,1.0,nm0035159,Richard Arlen,"tt0024188,tt0018578,tt0021070,tt0031661",43,2.0,nm0662335,movie,Torpedo Boat,0.0,\N,70.0,Torpedo Boat,1942,"Action,Drama,Romance",Jean Parker,1915,2005,"actress,soundtrack,archive_footage","tt0024264,tt0042531,tt0035453,tt0036653",27
tt0035474,2.0,nm0427452,Allan Jones,"tt0026778,tt0028249,tt0030108,tt0093818",35,1.0,nm0134411,movie,True to the Army,0.0,\N,77.0,True to the Army,1942,"Comedy,Music",Judy Canova,1913,1983,"actress,soundtrack,archive_footage","tt0034193,tt0037028,tt0034074,tt0035474",29
tt0035562,1.0,nm0035159,Richard Arlen,"tt0024188,tt0018578,tt0021070,tt0031661",43,2.0,nm0431889,movie,Wildcat,0.0,\N,70,Wildcat,1942,"Adventure,Drama,Film-Noir",Arline Judge,1912,1974,"actress,soundtrack,archive_footage","tt0025762,tt0026225,tt0024024,tt0036720",30
tt0035569,1.0,nm0035159,Richard Arlen,"tt0024188,tt0018578,tt0021070,tt0031661",43,3.0,nm0662335,movie,Wrecking Crew,0.0,\N,73,Wrecking Crew,1942,Drama,Jean Parker,1915,2005,"actress,soundtrack,archive_footage","tt0024264,tt0042531,tt0035453,tt0036653",27
tt0035614,1.0,nm0035159,Richard Arlen,"tt0024188,tt0018578,tt0021070,tt0031661",44,4.0,nm0911362,movie,Aerial Gunner,0.0,\N,78,Aerial Gunner,1943,Drama,Amelita Ward,1923,1987,"actress,miscellaneous","tt0037261,tt0037837,tt0036864,tt0038248",20
tt0035622,1.0,nm0035159,Richard Arlen,"tt0024188,tt0018578,tt0021070,tt0031661",44,2.0,nm0662335,movie,Alaska Highway,0.0,\N,66,Alaska Highway,1943,Drama,Jean Parker,1915,2005,"actress,soundtrack,archive_footage","tt0024264,tt0042531,tt0035453,tt0036653",28
tt0035735,2.0,nm0000042,Alan Ladd,"tt0046303,tt0035432,tt0038369,tt0055718",30,1.0,nm0949835,movie,China,0.0,\N,79.0,China,1943,"Drama,War",Loretta Young,1913,2000,"actress,producer,soundtrack","tt0038991,tt0039370,tt0024334,tt0032397",30
tt0035810,1.0,nm0001078,Bing Crosby,"tt0047673,tt0049314,tt0036872,tt0046874",40,2.0,nm0483787,movie,Dixie,0.0,\N,89,Dixie,1943,"Comedy,Musical",Dorothy Lamour,1914,1996,"actress,soundtrack,archive_footage","tt0092796,tt0032993,tt0057007,tt0039645",29
tt0035884,1.0,nm0867144,Franchot Tone,"tt0026261,tt0026752,tt0040457,tt0028330",38,2.0,nm0000879,movie,Five Graves to Cairo,0.0,\N,96,Five Graves to Cairo,1943,"Thriller,War",Anne Baxter,1923,1985,"actress,soundtrack,archive_footage","tt0042192,tt0049833,tt0035015,tt0038873",20
tt0035896,1.0,nm0000011,Gary Cooper,"tt0044706,tt0034167,tt0035896,tt0027996",42,2.0,nm0000006,movie,For Whom the Bell Tolls,0.0,\N,170,For Whom the Bell Tolls,1943,"Adventure,Drama,History",Ingrid Bergman,1915,1982,"actress,producer,soundtrack","tt0034583,tt0036855,tt0038109,tt0038787",28
tt0035948,1.0,nm0445523,Cecil Kellaway,"tt0061735,tt0042546,tt0038854,tt0034881",53,2.0,nm0907785,movie,The Good Fellows,0.0,\N,70,The Good Fellows,1943,"Comedy,Romance",Helen Walker,1920,1968,"actress,soundtrack,archive_footage","tt0037557,tt0040202,tt0037046,tt0041503",23
tt0035969,2.0,nm0694090,Dick Powell,"tt0037101,tt0037615,tt0044391,tt0040695",39,1.0,nm0552756,movie,Happy Go Lucky,0.0,\N,81,Happy Go Lucky,1943,"Comedy,Musical,Romance",Mary Martin,1913,1990,"actress,miscellaneous,producer","tt0054176,tt0046637,tt0036461,tt0033396",30
tt0035983,1.0,nm0527996,Jimmy Lydon,"tt0075393,tt0038126,tt0040676,tt0042578",20,4.0,nm0086830,movie,Henry Aldrich Gets Glamour,0.0,\N,72,Henry Aldrich Gets Glamour,1943,"Adventure,Comedy,Family",Olive Blakeney,1894,1959,"actress,archive_footage","tt0038990,tt0034274,tt0035984,tt0036908",49
tt0035984,1.0,nm0527996,Jimmy Lydon,"tt0075393,tt0038126,tt0040676,tt0042578",20,4.0,nm0086830,movie,Henry Aldrich Haunts a House,0.0,\N,73,Henry Aldrich Haunts a House,1943,"Adventure,Comedy,Family",Olive Blakeney,1894,1959,"actress,archive_footage","tt0038990,tt0034274,tt0035984,tt0036908",49
tt0035985,1.0,nm0527996,Jimmy Lydon,"tt0075393,tt0038126,tt0040676,tt0042578",20,4.0,nm0086830,movie,Henry Aldrich Swings It,0.0,\N,64,Henry Aldrich Swings It,1943,"Comedy,Family",Olive Blakeney,1894,1959,"actress,archive_footage","tt0038990,tt0034274,tt0035984,tt0036908",49
tt0035999,1.0,nm0606431,Chester Morris,"tt0020827,tt0024679,tt0020686,tt0019630",42,2.0,nm0662335,movie,High Explosive,0.0,\N,60,High Explosive,1943,Drama,Jean Parker,1915,2005,"actress,soundtrack,archive_footage","tt0024264,tt0042531,tt0035453,tt0036653",28
tt0036017,2.0,nm0194742,Arturo de Córdova,"tt0042434,tt0045260,tt0187005,tt0040075",35,1.0,nm0707023,movie,Hostages,0.0,\N,88,Hostages,1943,"Drama,War",Luise Rainer,1910,2014,"actress,soundtrack,archive_footage","tt0027698,tt0028944,tt0030079,tt0030202",33
tt0036105,1.0,nm0001362,Bob Hope,"tt0032520,tt0031143,tt0039645,tt0045094",40,2.0,nm0002149,movie,Let's Face It,0.0,\N,76,Let's Face It,1943,"Musical,Romance",Betty Hutton,1921,2007,"actress,writer,soundtrack","tt0042200,tt0044672,tt0037077,tt0038119",22
tt0036161,1.0,nm0035159,Richard Arlen,"tt0024188,tt0018578,tt0021070,tt0031661",44,2.0,nm0662335,movie,Minesweeper,0.0,\N,67,Minesweeper,1943,"Action,Adventure,Comedy",Jean Parker,1915,2005,"actress,soundtrack,archive_footage","tt0024264,tt0042531,tt0035453,tt0036653",28
tt0036208,2.0,nm0534045,Fred MacMurray,"tt0036775,tt0053604,tt0046816,tt0057518",35,1.0,nm0001055,movie,No Time for Love,0.0,\N,83,No Time for Love,1943,"Comedy,Romance",Claudette Colbert,1903,1996,"actress,soundtrack,archive_footage","tt0025316,tt0036367,tt0029929,tt0037280",40
tt0036313,2.0,nm0694090,Dick Powell,"tt0037101,tt0037615,tt0044391,tt0040695",39,1.0,nm0483787,movie,Riding High,0.0,\N,88.0,Riding High,1943,Comedy,Dorothy Lamour,1914,1996,"actress,soundtrack,archive_footage","tt0092796,tt0032993,tt0057007,tt0039645",29
tt0036327,2.0,nm0136994,Macdonald Carey,"tt0036342,tt0058796,tt0043736,tt0039873",30,1.0,nm0722384,movie,Salute for Three,0.0,\N,74.0,Salute for Three,1943,"Comedy,Musical",Betty Jane Rhodes,1921,2011,"actress,soundtrack,archive_footage","tt0037475,tt0036327,tt0035216,tt0029145",22
tt0036367,4.0,nm0001660,George Reeves,"tt0044231,tt0031381,tt0044091,tt0041096",29,1.0,nm0001055,movie,So Proudly We Hail!,0.0,\N,126.0,So Proudly We Hail!,1943,"Drama,Romance,War",Claudette Colbert,1903,1996,"actress,soundtrack,archive_footage","tt0025316,tt0036367,tt0029929,tt0037280",40
tt0036397,1.0,nm0035159,Richard Arlen,"tt0024188,tt0018578,tt0021070,tt0031661",44,2.0,nm0057412,movie,Submarine Alert,0.0,\N,66,Submarine Alert,1943,"Thriller,War",Wendy Barrie,1912,1978,"actress,soundtrack,archive_footage","tt0033650,tt0031890,tt0033517,tt0033013",31
tt0036440,1.0,nm0035159,Richard Arlen,"tt0024188,tt0018578,tt0021070,tt0031661",45,2.0,nm0400794,movie,Timber Queen,0.0,\N,66,Timber Queen,1944,Drama,Mary Beth Hughes,1919,1995,"actress,soundtrack","tt0037749,tt0037858,tt0040472,tt0042568",25
tt0036451,1.0,nm0606431,Chester Morris,"tt0020827,tt0024679,tt0020686,tt0019630",42,2.0,nm0446715,movie,Tornado,0.0,\N,83,Tornado,1943,Drama,Nancy Kelly,1921,1995,"actress,soundtrack,archive_footage","tt0048977,tt0031507,tt0035795,tt0032873",22
tt0036461,2.0,nm0867144,Franchot Tone,"tt0026261,tt0026752,tt0040457,tt0028330",38,1.0,nm0552756,movie,True to Life,0.0,\N,94,True to Life,1943,"Comedy,Romance",Mary Martin,1913,1990,"actress,miscellaneous,producer","tt0054176,tt0046637,tt0036461,tt0033396",30
tt0036599,1.0,nm0000042,Alan Ladd,"tt0046303,tt0035432,tt0038369,tt0055718",31,2.0,nm0949835,movie,And Now Tomorrow,0.0,\N,86,And Now Tomorrow,1944,"Drama,Romance",Loretta Young,1913,2000,"actress,producer,soundtrack","tt0038991,tt0039370,tt0024334,tt0032397",31
tt0036600,2.0,nm0534045,Fred MacMurray,"tt0036775,tt0053604,tt0046816,tt0057518",36,1.0,nm0483787,movie,And the Angels Sing,0.0,\N,96,And the Angels Sing,1944,"Comedy,Music,Romance",Dorothy Lamour,1914,1996,"actress,soundtrack,archive_footage","tt0092796,tt0032993,tt0057007,tt0039645",30
tt0036741,1.0,nm0523225,Robert Lowery,"tt0038621,tt0041162,tt0037927,tt0037114",31,2.0,nm0112198,movie,Dangerous Passage,0.0,\N,60,Dangerous Passage,1944,"Drama,Film-Noir",Phyllis Brooks,1915,1995,"actress,soundtrack","tt0028765,tt0030657,tt0031149,tt0030371",29
tt0036743,1.0,nm0523225,Robert Lowery,"tt0038621,tt0041162,tt0037927,tt0037114",31,2.0,nm0237655,movie,Dark Mountain,0.0,\N,56,Dark Mountain,1944,"Crime,Drama,Film-Noir",Ellen Drew,1914,2003,"actress,soundtrack,archive_footage","tt0032338,tt0037820,tt0033916,tt0042229",30
tt0036774,1.0,nm0606431,Chester Morris,"tt0020827,tt0024679,tt0020686,tt0019630",43,2.0,nm0446715,movie,Double Exposure,0.0,\N,63,Double Exposure,1944,"Comedy,Crime,Mystery",Nancy Kelly,1921,1995,"actress,soundtrack,archive_footage","tt0048977,tt0031507,tt0035795,tt0032873",23
tt0036775,1.0,nm0534045,Fred MacMurray,"tt0036775,tt0053604,tt0046816,tt0057518",36,2.0,nm0001766,movie,Double Indemnity,0.0,\N,107,Double Indemnity,1944,"Crime,Drama,Film-Noir",Barbara Stanwyck,1907,1990,"actress,soundtrack,archive_footage","tt0036775,tt0033373,tt0040823,tt0032080",37
tt0036840,2.0,nm0194742,Arturo de Córdova,"tt0042434,tt0045260,tt0187005,tt0040075",36,1.0,nm0000021,movie,Frenchman's Creek,0.0,\N,110,Frenchman's Creek,1944,"Adventure,Drama,Romance",Joan Fontaine,1917,2013,"actress,producer,soundtrack","tt0034248,tt0032976,tt0035751,tt0036969",27
tt0036845,1.0,nm0606431,Chester Morris,"tt0020827,tt0024679,tt0020686,tt0019630",43,2.0,nm0446715,movie,Gambler's Choice,0.0,\N,66,Gambler's Choice,1944,"Action,Crime,Drama",Nancy Kelly,1921,1995,"actress,soundtrack,archive_footage","tt0048977,tt0031507,tt0035795,tt0032873",23
tt0036872,1.0,nm0001078,Bing Crosby,"tt0047673,tt0049314,tt0036872,tt0046874",41,6.0,nm0372742,movie,Going My Way,0.0,\N,126,Going My Way,1944,"Comedy,Drama,Music",Jean Heather,1921,1995,"actress,soundtrack,archive_footage","tt0036775,tt0036872,tt0037119,tt0037662",23
tt0036880,1.0,nm0566948,Joel McCrea,"tt0034240,tt0032484,tt0023238,tt0056412",39,2.0,nm0275897,movie,The Great Moment,0.0,\N,83,The Great Moment,1944,"Biography,Drama",Betty Field,1916,1973,"actress,soundtrack,archive_footage","tt0031742,tt0033409,tt0048491,tt0050839",28
tt0036891,1.0,nm0102787,Eddie Bracken,"tt0036891,tt0085995,tt0037077,tt0107985",29,2.0,nm0707048,movie,Hail the Conquering Hero,0.0,\N,101,Hail the Conquering Hero,1944,"Comedy,War",Ella Raines,1920,1988,"actress,soundtrack,archive_footage","tt0036260,tt0041503,tt0036891,tt0037330",24
tt0036907,1.0,nm0527996,Jimmy Lydon,"tt0075393,tt0038126,tt0040676,tt0042578",21,4.0,nm0086830,movie,Henry Aldrich Plays Cupid,0.0,\N,65,Henry Aldrich Plays Cupid,1944,"Comedy,Family",Olive Blakeney,1894,1959,"actress,archive_footage","tt0038990,tt0034274,tt0035984,tt0036908",50
tt0036908,1.0,nm0527996,Jimmy Lydon,"tt0075393,tt0038126,tt0040676,tt0042578",21,4.0,nm0086830,movie,Henry Aldrich's Little Secret,0.0,\N,75,Henry Aldrich's Little Secret,1944,"Comedy,Family,Romance",Olive Blakeney,1894,1959,"actress,archive_footage","tt0038990,tt0034274,tt0035984,tt0036908",50
tt0036909,1.0,nm0527996,Jimmy Lydon,"tt0075393,tt0038126,tt0040676,tt0042578",21,4.0,nm0086830,movie,"Henry Aldrich, Boy Scout",0.0,\N,66,"Henry Aldrich, Boy Scout",1944,"Comedy,Family",Olive Blakeney,1894,1959,"actress,archive_footage","tt0038990,tt0034274,tt0035984,tt0036908",50
tt0036912,1.0,nm0001078,Bing Crosby,"tt0047673,tt0049314,tt0036872,tt0046874",41,2.0,nm0002149,movie,Here Come the Waves,0.0,\N,99,Here Come the Waves,1944,"Comedy,Musical,Romance",Betty Hutton,1921,2007,"actress,writer,soundtrack","tt0042200,tt0044672,tt0037077,tt0038119",23
tt0036921,1.0,nm0914520,Bobby Watson,"tt0034651,tt0036921,tt0034857,tt0036423",56,8.0,nm0243643,movie,The Hitler Gang,0.0,\N,101,The Hitler Gang,1944,"Biography,Drama,History",Liesl Handl,1917,1996,actress,"tt0036921,tt0146273,tt0036142,tt0026316",27
tt0036930,2.0,nm0867144,Franchot Tone,"tt0026261,tt0026752,tt0040457,tt0028330",39,1.0,nm0000043,movie,The Hour Before the Dawn,0.0,\N,74,The Hour Before the Dawn,1944,"Drama,Romance,War",Veronica Lake,1922,1973,"actress,producer,soundtrack","tt0034240,tt0038369,tt0035432,tt0034881",22
tt0036938,2.0,nm0876211,Sonny Tufts,"tt0048605,tt0036367,tt0036912,tt0039082",33,1.0,nm0002104,movie,I Love a Soldier,0.0,\N,106,I Love a Soldier,1944,"Drama,Romance,War",Paulette Goddard,1910,1990,"actress,producer,soundtrack","tt0032520,tt0027977,tt0033722,tt0037849",34
tt0037000,2.0,nm0001537,Ray Milland,"tt0037884,tt0046912,tt0066011,tt0037415",37,1.0,nm0001677,movie,Lady in the Dark,0.0,\N,100,Lady in the Dark,1944,"Drama,Musical,Romance",Ginger Rogers,1911,1995,"actress,soundtrack,archive_footage","tt0032671,tt0035019,tt0044916,tt0032946",33
tt0037046,1.0,nm0039989,Nils Asther,"tt0037046,tt0021345,tt0035124,tt0018850",47,2.0,nm0907785,movie,The Man in Half Moon Street,0.0,\N,92,The Man in Half Moon Street,1944,"Drama,Film-Noir,Horror",Helen Walker,1920,1968,"actress,soundtrack,archive_footage","tt0037557,tt0040202,tt0037046,tt0041503",24
tt0037075,1.0,nm0001537,Ray Milland,"tt0037884,tt0046912,tt0066011,tt0037415",37,2.0,nm0721851,movie,Ministry of Fear,0.0,\N,86,Ministry of Fear,1944,"Crime,Drama,Film-Noir",Marjorie Reynolds,1917,1997,"actress,soundtrack,archive_footage","tt0039037,tt0034862,tt0032404,tt0043643",27
tt0037077,1.0,nm0102787,Eddie Bracken,"tt0036891,tt0085995,tt0037077,tt0107985",28,2.0,nm0002149,movie,The Miracle of Morgan's Creek,0.0,\N,98,The Miracle of Morgan's Creek,1943,"Comedy,Romance,War",Betty Hutton,1921,2007,"actress,writer,soundtrack","tt0042200,tt0044672,tt0037077,tt0038119",22
tt0037121,1.0,nm0523225,Robert Lowery,"tt0038621,tt0041162,tt0037927,tt0037114",31,2.0,nm0662335,movie,The Navy Way,0.0,\N,74,The Navy Way,1944,"Drama,War",Jean Parker,1915,2005,"actress,soundtrack,archive_footage","tt0024264,tt0042531,tt0035453,tt0036653",29
tt0037151,1.0,nm0355095,Jack Haley,"tt0032138,tt0039075,tt0038091,tt0037151",47,2.0,nm0662335,movie,One Body Too Many,0.0,\N,75,One Body Too Many,1944,"Comedy,Horror,Mystery",Jean Parker,1915,2005,"actress,soundtrack,archive_footage","tt0024264,tt0042531,tt0035453,tt0036653",29
tt0037158,3.0,nm0749476,Charles Ruggles,"tt0055277,tt0024359,tt0039502,tt0026955",58,1.0,nm0751149,movie,Our Hearts Were Young and Gay,0.0,\N,81,Our Hearts Were Young and Gay,1944,Comedy,Gail Russell,1924,1961,"actress,soundtrack,archive_footage","tt0037415,tt0039152,tt0039235,tt0040643",20
tt0037190,2.0,nm0534045,Fred MacMurray,"tt0036775,tt0053604,tt0046816,tt0057518",36,1.0,nm0001055,movie,Practically Yours,0.0,\N,90,Practically Yours,1944,"Comedy,Romance,War",Claudette Colbert,1903,1996,"actress,soundtrack,archive_footage","tt0025316,tt0036367,tt0029929,tt0037280",41
tt0037208,2.0,nm0102787,Eddie Bracken,"tt0036891,tt0085995,tt0037077,tt0107985",29,1.0,nm0483787,movie,Rainbow Island,0.0,\N,98,Rainbow Island,1944,"Comedy,Musical,Romance",Dorothy Lamour,1914,1996,"actress,soundtrack,archive_footage","tt0092796,tt0032993,tt0057007,tt0039645",30
tt0037310,2.0,nm0534045,Fred MacMurray,"tt0036775,tt0053604,tt0046816,tt0057518",36,1.0,nm0002104,movie,Standing Room Only,0.0,\N,83,Standing Room Only,1944,"Comedy,Romance,War",Paulette Goddard,1910,1990,"actress,producer,soundtrack","tt0032520,tt0027977,tt0033722,tt0037849",34
tt0037316,1.0,nm0000011,Gary Cooper,"tt0044706,tt0034167,tt0035896,tt0027996",43,2.0,nm0206478,movie,The Story of Dr. Wassell,0.0,\N,140,The Story of Dr. Wassell,1944,"Action,Adventure,Drama",Laraine Day,1920,2007,"actress,soundtrack,archive_footage","tt0032484,tt0038700,tt0038164,tt0042049",24
tt0037340,1.0,nm0355095,Jack Haley,"tt0032138,tt0039075,tt0038091,tt0037151",47,2.0,nm0384948,movie,Take It Big,0.0,\N,75,Take It Big,1944,"Comedy,Music,Romance",Harriet Nelson,1909,1994,"actress,soundtrack,archive_footage","tt0044230,tt0035854,tt0027630,tt0034572",35
tt0037379,1.0,nm0001537,Ray Milland,"tt0037884,tt0046912,tt0066011,tt0037415",37,2.0,nm0110159,movie,Till We Meet Again,0.0,\N,88,Till We Meet Again,1944,"Action,Adventure,Drama",Barbara Britton,1919,1980,"actress,archive_footage","tt0038513,tt0042325,tt0040616,tt0040543",25
tt0037415,1.0,nm0001537,Ray Milland,"tt0037884,tt0046912,tt0066011,tt0037415",37,2.0,nm0404046,movie,The Uninvited,0.0,\N,99,The Uninvited,1944,"Fantasy,Horror,Mystery",Ruth Hussey,1911,2005,"actress,archive_footage,archive_sound","tt0032904,tt0037415,tt0032143,tt0033986",33
tt0037475,2.0,nm0426708,Johnny Johnston,"tt0040565,tt0049682,tt0047780,tt0035216",29,1.0,nm0722384,movie,You Can't Ration Love,0.0,\N,78,You Can't Ration Love,1944,"Comedy,Musical,Romance",Betty Jane Rhodes,1921,2011,"actress,soundtrack,archive_footage","tt0037475,tt0036327,tt0035216,tt0029145",23
tt0037498,2.0,nm0107575,George Brent,"tt0031210,tt0024034,tt0031835,tt0040556",41,1.0,nm0000021,movie,The Affairs of Susan,0.0,\N,110,The Affairs of Susan,1945,"Comedy,Drama,Romance",Joan Fontaine,1917,2013,"actress,producer,soundtrack","tt0034248,tt0032976,tt0035751,tt0036969",28
tt0037560,2.0,nm0876211,Sonny Tufts,"tt0048605,tt0036367,tt0036912,tt0039082",34,1.0,nm0000043,movie,Bring on the Girls,0.0,\N,92,Bring on the Girls,1945,"Comedy,Musical",Veronica Lake,1922,1973,"actress,producer,soundtrack","tt0034240,tt0038369,tt0035432,tt0034881",23
tt0037662,1.0,nm0306908,Ed Gardner,"tt0037662,tt0121515,tt0042093,tt0046578",44,3.0,nm0002149,movie,Duffy's Tavern,0.0,\N,97,Duffy's Tavern,1945,"Comedy,Musical",Betty Hutton,1921,2007,"actress,writer,soundtrack","tt0042200,tt0044672,tt0037077,tt0038119",24
tt0037712,1.0,nm0307326,William Gargan,"tt0024617,tt0023369,tt0040112,tt0024097",40,2.0,nm0446715,movie,Follow That Woman,0.0,\N,69,Follow That Woman,1945,"Comedy,Crime,Drama",Nancy Kelly,1921,1995,"actress,soundtrack,archive_footage","tt0048977,tt0031507,tt0035795,tt0032873",24
tt0037777,1.0,nm0523225,Robert Lowery,"tt0038621,tt0041162,tt0037927,tt0037114",32,2.0,nm0112198,movie,High Powered,0.0,\N,62,High Powered,1945,"Action,Adventure,Drama",Phyllis Brooks,1915,1995,"actress,soundtrack","tt0028765,tt0030657,tt0031149,tt0030371",30
tt0037816,2.0,nm0194742,Arturo de Córdova,"tt0042434,tt0045260,tt0187005,tt0040075",37,1.0,nm0002149,movie,Incendiary Blonde,0.0,\N,113,Incendiary Blonde,1945,"Biography,Crime,Drama",Betty Hutton,1921,2007,"actress,writer,soundtrack","tt0042200,tt0044672,tt0037077,tt0038119",24
tt0037849,2.0,nm0001537,Ray Milland,"tt0037884,tt0046912,tt0066011,tt0037415",38,1.0,nm0002104,movie,Kitty,0.0,\N,103,Kitty,1945,"Drama,History,Romance",Paulette Goddard,1910,1990,"actress,producer,soundtrack","tt0032520,tt0027977,tt0033722,tt0037849",35
tt0037884,1.0,nm0001537,Ray Milland,"tt0037884,tt0046912,tt0066011,tt0037415",38,2.0,nm0943837,movie,The Lost Weekend,0.0,\N,101,The Lost Weekend,1945,"Drama,Film-Noir",Jane Wyman,1917,2007,"actress,writer,producer","tt0081858,tt0043350,tt0047811,tt0037884",28
tt0037885,2.0,nm0001072,Joseph Cotten,"tt0041959,tt0033467,tt0036855,tt0035015",40,1.0,nm0428354,movie,Love Letters,0.0,\N,101,Love Letters,1945,"Drama,Mystery,Romance",Jennifer Jones,1919,2009,"actress,soundtrack,archive_footage","tt0072308,tt0036377,tt0048316,tt0037280",26
tt0037903,2.0,nm0194742,Arturo de Córdova,"tt0042434,tt0045260,tt0187005,tt0040075",37,1.0,nm0483787,movie,Masquerade in Mexico,0.0,\N,96,Masquerade in Mexico,1945,"Comedy,Romance",Dorothy Lamour,1914,1996,"actress,soundtrack,archive_footage","tt0092796,tt0032993,tt0057007,tt0039645",31
tt0037906,2.0,nm0194742,Arturo de Córdova,"tt0042434,tt0045260,tt0187005,tt0040075",37,1.0,nm0483787,movie,A Medal for Benny,0.0,\N,77,A Medal for Benny,1945,Drama,Dorothy Lamour,1914,1996,"actress,soundtrack,archive_footage","tt0092796,tt0032993,tt0057007,tt0039645",31
tt0037917,2.0,nm0876211,Sonny Tufts,"tt0048605,tt0036367,tt0036912,tt0039082",35,1.0,nm0000043,movie,Miss Susie Slagle's,0.0,\N,88,Miss Susie Slagle's,1946,Drama,Veronica Lake,1922,1973,"actress,producer,soundtrack","tt0034240,tt0038369,tt0035432,tt0034881",24
tt0037931,1.0,nm0534045,Fred MacMurray,"tt0036775,tt0053604,tt0046816,tt0057518",37,2.0,nm0907785,movie,"Murder, He Says",0.0,\N,91,"Murder, He Says",1945,"Comedy,Mystery",Helen Walker,1920,1968,"actress,soundtrack,archive_footage","tt0037557,tt0040202,tt0037046,tt0041503",25
tt0037960,1.0,nm0307326,William Gargan,"tt0024617,tt0023369,tt0040112,tt0024097",40,2.0,nm0767243,movie,Midnight Manhunt,0.0,\N,64,Midnight Manhunt,1945,"Comedy,Crime,Mystery",Ann Savage,1921,2008,"actress,soundtrack,archive_footage","tt0037638,tt1093842,tt0038877,tt0037409",24
tt0037964,1.0,nm0102787,Eddie Bracken,"tt0036891,tt0085995,tt0037077,tt0107985",30,2.0,nm0000043,movie,Out of This World,0.0,\N,96,Out of This World,1945,"Comedy,Music,Romance",Veronica Lake,1922,1973,"actress,producer,soundtrack","tt0034240,tt0038369,tt0035432,tt0034881",23
tt0038032,1.0,nm0001078,Bing Crosby,"tt0047673,tt0049314,tt0036872,tt0046874",42,3.0,nm0483787,movie,Road to Utopia,0.0,\N,90,Road to Utopia,1945,"Adventure,Comedy,Family",Dorothy Lamour,1914,1996,"actress,soundtrack,archive_footage","tt0092796,tt0032993,tt0057007,tt0039645",31
tt0038047,1.0,nm0000042,Alan Ladd,"tt0046303,tt0035432,tt0038369,tt0055718",32,2.0,nm0751149,movie,Salty O'Rourke,0.0,\N,100,Salty O'Rourke,1945,"Crime,Drama",Gail Russell,1924,1961,"actress,soundtrack,archive_footage","tt0037415,tt0039152,tt0039235,tt0040643",21
tt0038055,1.0,nm0355095,Jack Haley,"tt0032138,tt0039075,tt0038091,tt0037151",48,2.0,nm0767243,movie,Scared Stiff,0.0,\N,65,Scared Stiff,1945,"Comedy,Mystery",Ann Savage,1921,2008,"actress,soundtrack,archive_footage","tt0037638,tt1093842,tt0038877,tt0037409",24
tt0038119,2.0,nm0280178,Barry Fitzgerald,"tt0045061,tt0036872,tt0033729,tt0037515",57,1.0,nm0002149,movie,The Stork Club,0.0,\N,98,The Stork Club,1945,"Comedy,Musical,Romance",Betty Hutton,1921,2007,"actress,writer,soundtrack","tt0042200,tt0044672,tt0037077,tt0038119",24
tt0038177,1.0,nm0056477,Byron Barr,"tt0036775,tt0038177,tt0043024,tt0039816",29,2.0,nm0535169,movie,Tokyo Rose,0.0,\N,69,Tokyo Rose,1946,"Adventure,War",Osa Massen,1914,2006,"actress,miscellaneous,archive_footage","tt0034399,tt0042897,tt0038987,tt0036731",32
tt0038205,1.0,nm0566948,Joel McCrea,"tt0034240,tt0032484,tt0023238,tt0056412",40,2.0,nm0751149,movie,The Unseen,0.0,\N,80,The Unseen,1945,"Drama,Film-Noir,Horror",Gail Russell,1924,1961,"actress,soundtrack,archive_footage","tt0037415,tt0039152,tt0039235,tt0040643",21
tt0038263,1.0,nm0191950,Robert Cummings,"tt0046912,tt0035279,tt0047752,tt0039583",35,2.0,nm0779507,movie,You Came Along,0.0,\N,103,You Came Along,1945,"Drama,Romance",Lizabeth Scott,1922,2015,"actress,soundtrack,archive_footage","tt0041968,tt0038988,tt0040695,tt0039482",23
tt0038369,1.0,nm0000042,Alan Ladd,"tt0046303,tt0035432,tt0038369,tt0055718",33,2.0,nm0000043,movie,The Blue Dahlia,0.0,\N,96,The Blue Dahlia,1946,"Crime,Film-Noir,Mystery",Veronica Lake,1922,1973,"actress,producer,soundtrack","tt0034240,tt0038369,tt0035432,tt0034881",24
tt0038370,1.0,nm0000001,Fred Astaire,"tt0072308,tt0050419,tt0053137,tt0027125",47,3.0,nm0146542,movie,Blue Skies,0.0,\N,99,Blue Skies,1946,"Comedy,Musical,Romance",Joan Caulfield,1922,1991,"actress,soundtrack,archive_footage","tt0038747,tt0039307,tt0039941,tt0040754",24
tt0038383,2.0,nm0191950,Robert Cummings,"tt0046912,tt0035279,tt0047752,tt0039583",36,1.0,nm0001766,movie,The Bride Wore Boots,0.0,\N,85,The Bride Wore Boots,1946,"Adventure,Comedy,Romance",Barbara Stanwyck,1907,1990,"actress,soundtrack,archive_footage","tt0036775,tt0033373,tt0040823,tt0032080",39
tt0038392,2.0,nm0001537,Ray Milland,"tt0037884,tt0046912,tt0066011,tt0037415",40,1.0,nm0001766,movie,California,0.0,\N,97,California,1947,Western,Barbara Stanwyck,1907,1990,"actress,soundtrack,archive_footage","tt0036775,tt0033373,tt0040823,tt0032080",40
tt0038438,2.0,nm0876211,Sonny Tufts,"tt0048605,tt0036367,tt0036912,tt0039082",35,1.0,nm0002149,movie,Cross My Heart,0.0,\N,85.0,Cross My Heart,1946,"Comedy,Music,Mystery",Betty Hutton,1921,2007,"actress,writer,soundtrack","tt0042200,tt0044672,tt0037077,tt0038119",25
tt0038618,1.0,nm0307326,William Gargan,"tt0024617,tt0023369,tt0040112,tt0024097",41,2.0,nm0736939,movie,Hot Cargo,0.0,\N,57,Hot Cargo,1946,"Adventure,Drama,Romance",Jean Rogers,1916,1991,"actress,soundtrack,archive_footage","tt0027623,tt0032325,tt0033227,tt0038618",30
tt0038747,1.0,nm0001362,Bob Hope,"tt0032520,tt0031143,tt0039645,tt0045094",43,2.0,nm0146542,movie,Monsieur Beaucaire,0.0,\N,93,Monsieur Beaucaire,1946,"Adventure,Comedy,History",Joan Caulfield,1922,1991,"actress,soundtrack,archive_footage","tt0038747,tt0039307,tt0039941,tt0040754",24
tt0038794,1.0,nm0000042,Alan Ladd,"tt0046303,tt0035432,tt0038369,tt0055718",33,3.0,nm0280242,movie,O.S.S.,0.0,\N,108,O.S.S.,1946,"Drama,War",Geraldine Fitzgerald,1913,2005,"actress,writer,producer","tt0031210,tt0032145,tt0082031,tt0059575",33
tt0038815,3.0,nm0002046,Brian Donlevy,"tt0031088,tt0041503,tt0034798,tt0050873",45,1.0,nm0751149,movie,Our Hearts Were Growing Up,0.0,\N,83,Our Hearts Were Growing Up,1946,"Adventure,Comedy,Romance",Gail Russell,1924,1961,"actress,soundtrack,archive_footage","tt0037415,tt0039152,tt0039235,tt0040643",22
tt0038831,1.0,nm0355095,Jack Haley,"tt0032138,tt0039075,tt0038091,tt0037151",49,2.0,nm0907785,movie,People Are Funny,0.0,\N,93,People Are Funny,1946,Musical,Helen Walker,1920,1968,"actress,soundtrack,archive_footage","tt0037557,tt0040202,tt0037046,tt0041503",26
tt0038832,2.0,nm0000057,David Niven,"tt0074937,tt0052182,tt0057413,tt0048960",36,1.0,nm0949835,movie,The Perfect Marriage,0.0,\N,88,The Perfect Marriage,1946,Comedy,Loretta Young,1913,2000,"actress,producer,soundtrack","tt0038991,tt0039370,tt0024334,tt0032397",33
tt0038915,1.0,nm0001870,Robert Young,"tt0039286,tt0046600,tt0034923,tt0033686",39,2.0,nm0796662,movie,The Searching Wind,0.0,\N,108,The Searching Wind,1946,"Action,Drama,War",Sylvia Sidney,1910,1999,"actress,archive_footage","tt0094721,tt0116996,tt0070748,tt0028212",36
tt0039001,1.0,nm0919321,Johnny Weissmuller,"tt0023551,tt0035419,tt0042311,tt0036414",42,2.0,nm0340706,movie,Swamp Fire,0.0,\N,69,Swamp Fire,1946,"Action,Adventure,Drama",Virginia Grey,1917,2004,"actress,soundtrack,archive_footage","tt0065377,tt0040920,tt0032143,tt0031047",29
tt0039023,1.0,nm0523225,Robert Lowery,"tt0038621,tt0041162,tt0037927,tt0037114",33,2.0,nm0110159,movie,They Made Me a Killer,0.0,\N,64,They Made Me a Killer,1946,"Crime,Drama,Film-Noir",Barbara Britton,1919,1980,"actress,archive_footage","tt0038513,tt0042325,tt0040616,tt0040543",27
tt0039040,2.0,nm0526184,John Lund,"tt0049314,tt0043792,tt0056093,tt0040367",35,1.0,nm0000014,movie,To Each His Own,0.0,\N,122,To Each His Own,1946,"Drama,Romance",Olivia de Havilland,1916,2020,"actress,soundtrack,archive_footage","tt0031381,tt0041452,tt0029843,tt0040806",30
tt0039056,1.0,nm0000042,Alan Ladd,"tt0046303,tt0035432,tt0038369,tt0055718",33,6.0,nm0273488,movie,Two Years Before the Mast,0.0,\N,98,Two Years Before the Mast,1946,"Action,Adventure,Drama",Esther Fernández,1918,1999,"actress,writer,soundtrack","tt0218257,tt0202564,tt0027338,tt0218075",28
tt0039082,1.0,nm0566948,Joel McCrea,"tt0034240,tt0032484,tt0023238,tt0056412",41,4.0,nm0110159,movie,The Virginian,0.0,\N,87,The Virginian,1946,Western,Barbara Britton,1919,1980,"actress,archive_footage","tt0038513,tt0042325,tt0040616,tt0040543",27
tt0039098,2.0,nm0001537,Ray Milland,"tt0037884,tt0046912,tt0066011,tt0037415",39,1.0,nm0000014,movie,The Well Groomed Bride,0.0,\N,75,The Well Groomed Bride,1946,"Comedy,Romance",Olivia de Havilland,1916,2020,"actress,soundtrack,archive_footage","tt0031381,tt0041452,tt0029843,tt0040806",30
tt0039133,1.0,nm0001983,Rory Calhoun,"tt0081184,tt0105191,tt0045891,tt0039133",25,2.0,nm0281766,movie,Adventure Island,0.0,\N,66,Adventure Island,1947,"Action,Adventure,Comedy",Rhonda Fleming,1923,2020,"actress,soundtrack,archive_footage","tt0039689,tt0038109,tt0081249,tt0041259",24
tt0039186,1.0,nm0715637,Phillip Reed,"tt0040920,tt0043072,tt0039853,tt0027869",38,2.0,nm0111702,movie,Big Town,0.0,\N,60,Big Town,1946,"Crime,Drama",Hillary Brooke,1914,1999,"actress,archive_footage","tt0049470,tt0037671,tt0038990,tt0041191",32
tt0039187,1.0,nm0715637,Phillip Reed,"tt0040920,tt0043072,tt0039853,tt0027869",39,2.0,nm0111702,movie,Big Town After Dark,0.0,\N,69,Big Town After Dark,1947,"Crime,Drama,Film-Noir",Hillary Brooke,1914,1999,"actress,archive_footage","tt0049470,tt0037671,tt0038990,tt0041191",33
tt0039196,2.0,nm0000034,William Holden,"tt0046359,tt0047437,tt0043014,tt0074958",29,1.0,nm0000879,movie,Blaze of Noon,0.0,\N,90,Blaze of Noon,1947,"Action,Drama",Anne Baxter,1923,1985,"actress,soundtrack,archive_footage","tt0042192,tt0049833,tt0035015,tt0038873",24
tt0039235,1.0,nm0000042,Alan Ladd,"tt0046303,tt0035432,tt0038369,tt0055718",33,2.0,nm0751149,movie,Calcutta,0.0,\N,83,Calcutta,1946,"Action,Crime,Drama",Gail Russell,1924,1961,"actress,soundtrack,archive_footage","tt0037415,tt0039152,tt0039235,tt0040643",22
tt0039298,2.0,nm0523225,Robert Lowery,"tt0038621,tt0041162,tt0037927,tt0037114",34,1.0,nm0936730,movie,Danger Street,0.0,\N,68,Danger Street,1947,Drama,Jane Withers,1926,2021,"actress,writer,soundtrack","tt0049261,tt0024914,tt0257778,tt0033044",21
tt0039307,2.0,nm0000034,William Holden,"tt0046359,tt0047437,tt0043014,tt0074958",29,1.0,nm0146542,movie,Dear Ruth,0.0,\N,95,Dear Ruth,1947,"Comedy,Romance",Joan Caulfield,1922,1991,"actress,soundtrack,archive_footage","tt0038747,tt0039307,tt0039941,tt0040754",25
tt0039311,1.0,nm0388303,John Hodiak,"tt0037017,tt0038965,tt0041163,tt0038589",33,2.0,nm0779507,movie,Desert Fury,0.0,\N,96,Desert Fury,1947,"Crime,Drama,Film-Noir",Lizabeth Scott,1922,2015,"actress,soundtrack,archive_footage","tt0041968,tt0038988,tt0040695,tt0039482",25
tt0039343,2.0,nm0644983,Åke Ohberg,"tt0035347,tt0039388,tt0038035,tt0045850",42,1.0,nm0854996,movie,Dynamit,0.0,\N,88,Dynamite,1947,"Crime,Drama",Birgit Tengroth,1915,1983,"actress,writer,soundtrack","tt0042466,tt0026305,tt0036380,tt0041998",32
tt0039346,1.0,nm0280178,Barry Fitzgerald,"tt0045061,tt0036872,tt0033729,tt0037515",59,2.0,nm0528658,movie,"Easy Come, Easy Go",0.0,\N,77,"Easy Come, Easy Go",1947,"Comedy,Drama",Diana Lynn,1926,1971,"actress,soundtrack,archive_footage","tt0035019,tt0037077,tt0041673,tt0048822",21
tt0039372,1.0,nm0446769,Paul Kelly,"tt0034742,tt0039286,tt0035299,tt0038459",47,3.0,nm0779422,movie,Fear in the Night,0.0,\N,72,Fear in the Night,1946,"Crime,Drama,Film-Noir",Kay Scott,1927,1971,"actress,soundtrack","tt0039372,tt0062309",19
tt0039428,1.0,nm0001537,Ray Milland,"tt0037884,tt0046912,tt0066011,tt0037415",40,2.0,nm0000017,movie,Golden Earrings,0.0,\N,95,Golden Earrings,1947,"Adventure,Comedy,Drama",Marlene Dietrich,1901,1992,"actress,music_department,soundtrack","tt0051201,tt0055031,tt0052311,tt0021156",46
tt0039481,1.0,nm0715637,Phillip Reed,"tt0040920,tt0043072,tt0039853,tt0027869",39,2.0,nm0111702,movie,I Cover Big Town,0.0,\N,63,I Cover Big Town,1947,"Drama,Mystery",Hillary Brooke,1914,1999,"actress,archive_footage","tt0049470,tt0037671,tt0038990,tt0041191",33
tt0039482,1.0,nm0000044,Burt Lancaster,"tt0045793,tt0085859,tt0051036,tt0057091",34,2.0,nm0779507,movie,I Walk Alone,0.0,\N,97,I Walk Alone,1947,"Crime,Drama,Film-Noir",Lizabeth Scott,1922,2015,"actress,soundtrack,archive_footage","tt0041968,tt0038988,tt0040695,tt0039482",25
tt0039487,1.0,nm0001537,Ray Milland,"tt0037884,tt0046912,tt0066011,tt0037415",39,2.0,nm0942863,movie,The Imperfect Lady,0.0,\N,97,The Imperfect Lady,1946,"Drama,Romance",Teresa Wright,1918,2005,"actress,soundtrack,archive_footage","tt0036342,tt0036868,tt0035093,tt0081534",28
tt0039523,1.0,nm0523225,Robert Lowery,"tt0038621,tt0041162,tt0037927,tt0037114",34,2.0,nm0767243,movie,Jungle Flight,0.0,\N,67,Jungle Flight,1947,Adventure,Ann Savage,1921,2008,"actress,soundtrack,archive_footage","tt0037638,tt1093842,tt0038877,tt0037409",26
tt0039544,1.0,nm0102787,Eddie Bracken,"tt0036891,tt0085995,tt0037077,tt0107985",32,2.0,nm0197837,movie,Ladies' Man,0.0,\N,91,Ladies' Man,1947,"Comedy,Musical",Cass Daley,1915,1975,"actress,soundtrack,archive_footage","tt0035379,tt0047400,tt0039544,tt0034736",32
tt0039645,1.0,nm0001362,Bob Hope,"tt0032520,tt0031143,tt0039645,tt0045094",44,2.0,nm0483787,movie,My Favorite Brunette,0.0,\N,87,My Favorite Brunette,1947,"Comedy,Crime,Mystery",Dorothy Lamour,1914,1996,"actress,soundtrack,archive_footage","tt0092796,tt0032993,tt0057007,tt0039645",33
tt0039698,2.0,nm0526184,John Lund,"tt0049314,tt0043792,tt0056093,tt0040367",36,1.0,nm0002149,movie,The Perils of Pauline,0.0,\N,96,The Perils of Pauline,1947,"Drama,Romance",Betty Hutton,1921,2007,"actress,writer,soundtrack","tt0042200,tt0044672,tt0037077,tt0038119",26
tt0039816,1.0,nm0219396,Richard Denning,"tt0050105,tt0050197,tt0046876,tt0047960",33,2.0,nm0185798,movie,Seven Were Saved,0.0,\N,73.0,Seven Were Saved,1947,"Adventure,Drama,Thriller",Catherine Craig,1915,2004,actress,"tt0036912,tt0040106,tt0036383,tt0035172",32
tt0039917,1.0,nm0001537,Ray Milland,"tt0037884,tt0046912,tt0066011,tt0037415",40,2.0,nm0942863,movie,The Trouble with Women,0.0,\N,80,The Trouble with Women,1947,"Comedy,Romance",Teresa Wright,1918,2005,"actress,soundtrack,archive_footage","tt0036342,tt0036868,tt0035093,tt0081534",29
tt0039931,1.0,nm0000011,Gary Cooper,"tt0044706,tt0034167,tt0035896,tt0027996",46,2.0,nm0002104,movie,Unconquered,0.0,\N,146,Unconquered,1947,"Adventure,Drama,History",Paulette Goddard,1910,1990,"actress,producer,soundtrack","tt0032520,tt0027977,tt0033722,tt0037849",37
tt0039951,4.0,nm0001420,DeForest Kelley,"tt0060028,tt0098382,tt0102975,tt0084726",27,1.0,nm0368779,movie,Variety Girl,0.0,\N,93,Variety Girl,1947,"Comedy,Musical",Mary Hatcher,1929,2018,"actress,soundtrack,archive_footage","tt0039951,tt0041179,tt0041475,tt0044104",18
tt0039975,1.0,nm0001078,Bing Crosby,"tt0047673,tt0049314,tt0036872,tt0046874",44,3.0,nm0146542,movie,Welcome Stranger,0.0,\N,107,Welcome Stranger,1947,Comedy,Joan Caulfield,1922,1991,"actress,soundtrack,archive_footage","tt0038747,tt0039307,tt0039941,tt0040754",25
tt0039982,1.0,nm0001362,Bob Hope,"tt0032520,tt0031143,tt0039645,tt0045094",44,2.0,nm0368516,movie,Where There's Life,0.0,\N,75,Where There's Life,1947,"Comedy,Thriller",Signe Hasso,1915,2002,"actress,director,producer","tt0035979,tt0038908,tt0037795,tt0037634",32
tt0039994,1.0,nm0000042,Alan Ladd,"tt0046303,tt0035432,tt0038369,tt0055718",34,2.0,nm0483787,movie,Wild Harvest,0.0,\N,92,Wild Harvest,1947,Drama,Dorothy Lamour,1914,1996,"actress,soundtrack,archive_footage","tt0092796,tt0032993,tt0057007,tt0039645",33
tt0040071,2.0,nm0191950,Robert Cummings,"tt0046912,tt0035279,tt0047752,tt0039583",39,1.0,nm0949835,movie,The Accused,0.0,\N,101,The Accused,1949,"Drama,Film-Noir,Romance",Loretta Young,1913,2000,"actress,producer,soundtrack","tt0038991,tt0039370,tt0024334,tt0032397",36
tt0040082,1.0,nm0000068,Randolph Scott,"tt0026942,tt0056412,tt0046375,tt0051047",50,2.0,nm0110159,movie,Albuquerque,0.0,\N,90,Albuquerque,1948,Western,Barbara Britton,1919,1980,"actress,archive_footage","tt0038513,tt0042325,tt0040616,tt0040543",29
tt0040158,1.0,nm0000042,Alan Ladd,"tt0046303,tt0035432,tt0038369,tt0055718",35,2.0,nm0001656,movie,Beyond Glory,0.0,\N,82,Beyond Glory,1948,Drama,Donna Reed,1921,1986,"actress,soundtrack,archive_footage","tt0038650,tt0045793,tt0051267,tt0049005",27
tt0040160,1.0,nm0001537,Ray Milland,"tt0037884,tt0046912,tt0066011,tt0037415",41,2.0,nm0001577,movie,The Big Clock,0.0,\N,95,The Big Clock,1948,"Crime,Drama,Film-Noir",Maureen O'Sullivan,1911,1998,"actress,soundtrack,archive_footage","tt0025878,tt0091167,tt0025862,tt0023551",37
tt0040162,1.0,nm0715637,Phillip Reed,"tt0040920,tt0043072,tt0039853,tt0027869",40,2.0,nm0111702,movie,Big Town Scandal,0.0,\N,60,Big Town Scandal,1948,"Crime,Drama",Hillary Brooke,1914,1999,"actress,archive_footage","tt0049470,tt0037671,tt0038990,tt0041191",34
tt0040196,1.0,nm0219396,Richard Denning,"tt0050105,tt0050197,tt0046876,tt0047960",34,2.0,nm0752846,movie,Caged Fury,0.0,\N,60,Caged Fury,1948,"Action,Crime,Drama",Sheila Ryan,1921,1975,"actress,soundtrack,archive_footage","tt0038459,tt0039580,tt0036379,tt0033676",27
tt0040293,1.0,nm0219396,Richard Denning,"tt0050105,tt0050197,tt0046876,tt0047960",34,2.0,nm0551221,movie,Disaster,0.0,\N,60,Disaster,1948,Drama,Trudy Marshall,1920,2004,"actress,soundtrack","tt0038492,tt0035777,tt0039906,tt0036998",28
tt0040302,2.0,nm0136994,Macdonald Carey,"tt0036342,tt0058796,tt0043736,tt0039873",35,1.0,nm0002149,movie,Dream Girl,0.0,\N,85,Dream Girl,1948,"Comedy,Romance",Betty Hutton,1921,2007,"actress,writer,soundtrack","tt0042200,tt0044672,tt0037077,tt0038119",27
tt0040317,1.0,nm0001078,Bing Crosby,"tt0047673,tt0049314,tt0036872,tt0046874",45,2.0,nm0000021,movie,The Emperor Waltz,0.0,\N,106,The Emperor Waltz,1948,"Comedy,Musical,Romance",Joan Fontaine,1917,2013,"actress,producer,soundtrack","tt0034248,tt0032976,tt0035751,tt0036969",31
tt0040367,3.0,nm0526184,John Lund,"tt0049314,tt0043792,tt0056093,tt0040367",37,1.0,nm0000795,movie,A Foreign Affair,0.0,\N,116,A Foreign Affair,1948,"Comedy,Drama,Romance",Jean Arthur,1900,1991,"actress,soundtrack,archive_footage","tt0030993,tt0031679,tt0046303,tt0036172",48
tt0040426,2.0,nm0136994,Macdonald Carey,"tt0036342,tt0058796,tt0043736,tt0039873",35,1.0,nm0002104,movie,Hazard,0.0,\N,95,Hazard,1948,"Comedy,Drama",Paulette Goddard,1910,1990,"actress,producer,soundtrack","tt0032520,tt0027977,tt0033722,tt0037849",38
tt0040599,1.0,nm0526184,John Lund,"tt0049314,tt0043792,tt0056093,tt0040367",37,2.0,nm0376905,movie,Miss Tatlock's Millions,0.0,\N,101,Miss Tatlock's Millions,1948,"Comedy,Romance",Wanda Hendrix,1928,1981,"actress,archive_footage","tt0041899,tt0039768,tt0041767,tt0042310",20
tt0040616,1.0,nm0264278,William Eythe,"tt0037795,tt0036244,tt0036377,tt0037607",30,2.0,nm0110159,movie,Mr. Reckless,0.0,\N,66,Mr. Reckless,1948,"Adventure,Drama,Romance",Barbara Britton,1919,1980,"actress,archive_footage","tt0038513,tt0042325,tt0040616,tt0040543",29
tt0040629,2.0,nm0002048,Melvyn Douglas,"tt0078841,tt0057163,tt0031725,tt0040613",48,1.0,nm0130829,movie,My Own True Love,0.0,\N,84,My Own True Love,1949,"Drama,Romance",Phyllis Calvert,1915,2002,"actress,archive_footage","tt0045654,tt0049067,tt0053149,tt0039594",34
tt0040643,1.0,nm0000064,Edward G. Robinson,"tt0036775,tt0040506,tt0038991,tt0038057",55,2.0,nm0751149,movie,Night Has a Thousand Eyes,0.0,\N,81,Night Has a Thousand Eyes,1948,"Crime,Drama,Fantasy",Gail Russell,1924,1961,"actress,soundtrack,archive_footage","tt0037415,tt0039152,tt0039235,tt0040643",24
tt0040679,1.0,nm0001362,Bob Hope,"tt0032520,tt0031143,tt0039645,tt0045094",45,2.0,nm0000066,movie,The Paleface,0.0,\N,91,The Paleface,1948,"Comedy,Family,Western",Jane Russell,1921,2011,"actress,producer,soundtrack","tt0045810,tt0044863,tt0043643,tt0043476",27
tt0040753,1.0,nm0000042,Alan Ladd,"tt0046303,tt0035432,tt0038369,tt0055718",34,2.0,nm0000043,movie,Saigon,0.0,\N,93,Saigon,1947,"Crime,Drama,Film-Noir",Veronica Lake,1922,1973,"actress,producer,soundtrack","tt0034240,tt0038369,tt0035432,tt0034881",25
tt0040754,3.0,nm0280178,Barry Fitzgerald,"tt0045061,tt0036872,tt0033729,tt0037515",60,1.0,nm0000043,movie,The Sainted Sisters,0.0,\N,89,The Sainted Sisters,1948,Comedy,Veronica Lake,1922,1973,"actress,producer,soundtrack","tt0034240,tt0038369,tt0035432,tt0034881",26
tt0040764,1.0,nm0001537,Ray Milland,"tt0037884,tt0046912,tt0066011,tt0037415",41,2.0,nm0549337,movie,Sealed Verdict,0.0,\N,83,Sealed Verdict,1948,"Adventure,Drama,Mystery",Florence Marly,1919,1978,"actress,writer,composer","tt0039539,tt0041967,tt0039615,tt0052520",29
tt0040777,2.0,nm0634188,Georgie Nokes,"tt0038650,tt0040834,tt0038969,tt0040800",12,1.0,nm0431502,movie,Shaggy,0.0,\N,72,Shaggy,1948,"Drama,Family",Brenda Joyce,1917,2009,"actress,archive_footage","tt0031835,tt0038151,tt0039011,tt0037989",31
tt0040809,1.0,nm0001537,Ray Milland,"tt0037884,tt0046912,tt0066011,tt0037415",41,2.0,nm0002897,movie,So Evil My Love,0.0,\N,112,So Evil My Love,1948,"Crime,Drama",Ann Todd,1907,1993,"actress,soundtrack,archive_footage","tt0039694,tt0041735,tt0044446,tt0038924",41
tt0040827,1.0,nm0035159,Richard Arlen,"tt0024188,tt0018578,tt0021070,tt0031661",49,2.0,nm0736939,movie,Speed to Spare,0.0,\N,57.0,Speed to Spare,1948,"Drama,Romance",Jean Rogers,1916,1991,"actress,soundtrack,archive_footage","tt0027623,tt0032325,tt0033227,tt0038618",32
tt0040951,1.0,nm0307326,William Gargan,"tt0024617,tt0023369,tt0040112,tt0024097",43,2.0,nm0400794,movie,Waterfront at Midnight,0.0,\N,63,Waterfront at Midnight,1948,"Crime,Drama,Film-Noir",Mary Beth Hughes,1919,1995,"actress,soundtrack","tt0037749,tt0037858,tt0040472,tt0042568",29
tt0040965,1.0,nm0000042,Alan Ladd,"tt0046303,tt0035432,tt0038369,tt0055718",35,3.0,nm0550782,movie,Whispering Smith,0.0,\N,88,Whispering Smith,1948,Western,Brenda Marshall,1915,1992,"actress,soundtrack,archive_footage","tt0033028,tt0038986,tt0034578,tt0035751",33
tt0041107,1.0,nm0001537,Ray Milland,"tt0037884,tt0046912,tt0066011,tt0037415",42,2.0,nm0869429,movie,Alias Nick Beal,0.0,\N,93,Alias Nick Beal,1949,"Drama,Fantasy,Film-Noir",Audrey Totter,1917,2013,"actress,soundtrack,archive_footage","tt0039941,tt0039545,tt0038854,tt0041954",32
tt0041243,1.0,nm0000042,Alan Ladd,"tt0046303,tt0035432,tt0038369,tt0055718",36,2.0,nm0001656,movie,Chicago Deadline,0.0,\N,86,Chicago Deadline,1949,"Crime,Drama,Film-Noir",Donna Reed,1921,1986,"actress,soundtrack,archive_footage","tt0038650,tt0045793,tt0051267,tt0049005",28
tt0041259,1.0,nm0001078,Bing Crosby,"tt0047673,tt0049314,tt0036872,tt0046874",46,2.0,nm0281766,movie,A Connecticut Yankee in King Arthur's Court,0.0,\N,106,A Connecticut Yankee in King Arthur's Court,1949,"Comedy,Family,Fantasy",Rhonda Fleming,1923,2020,"actress,soundtrack,archive_footage","tt0039689,tt0038109,tt0081249,tt0041259",26
tt0041286,1.0,nm0000034,William Holden,"tt0046359,tt0047437,tt0043014,tt0074958",31,2.0,nm0146542,movie,Dear Wife,0.0,\N,88,Dear Wife,1949,Comedy,Joan Caulfield,1922,1991,"actress,soundtrack,archive_footage","tt0038747,tt0039307,tt0039941,tt0040754",27
tt0041325,1.0,nm0307326,William Gargan,"tt0024617,tt0023369,tt0040112,tt0024097",44,2.0,nm0919961,movie,Dynamite,0.0,\N,68,Dynamite,1949,Drama,Virginia Welles,1925,2002,"actress,soundtrack","tt0037848,tt0039307,tt0041549,tt0041524",24
tt0041332,1.0,nm0668361,John Payne,"tt0039628,tt0044789,tt0045465,tt0050055",37,2.0,nm0751149,movie,El Paso,0.0,\N,103,El Paso,1949,Western,Gail Russell,1924,1961,"actress,soundtrack,archive_footage","tt0037415,tt0039152,tt0039235,tt0040643",25
tt0041428,1.0,nm0000042,Alan Ladd,"tt0046303,tt0035432,tt0038369,tt0055718",36,2.0,nm0275897,movie,The Great Gatsby,0.0,\N,91,The Great Gatsby,1949,"Drama,Mystery,Romance",Betty Field,1916,1973,"actress,soundtrack,archive_footage","tt0031742,tt0033409,tt0048491,tt0050839",33
tt0041429,1.0,nm0001362,Bob Hope,"tt0032520,tt0031143,tt0039645,tt0045094",46,2.0,nm0281766,movie,The Great Lover,0.0,\N,80,The Great Lover,1949,"Comedy,Musical,Romance",Rhonda Fleming,1923,2020,"actress,soundtrack,archive_footage","tt0039689,tt0038109,tt0081249,tt0041259",26
tt0041452,2.0,nm0001050,Montgomery Clift,"tt0045793,tt0043924,tt0040765,tt0055031",29,1.0,nm0000014,movie,The Heiress,0.0,\N,115,The Heiress,1949,"Drama,Romance",Olivia de Havilland,1916,2020,"actress,soundtrack,archive_footage","tt0031381,tt0041452,tt0029843,tt0040806",33
tt0041631,1.0,nm0002053,Dan Duryea,"tt0041968,tt0038360,tt0036323,tt0038057",42,2.0,nm0483787,movie,Manhandled,0.0,\N,97,Manhandled,1949,"Crime,Drama,Film-Noir",Dorothy Lamour,1914,1996,"actress,soundtrack,archive_footage","tt0092796,tt0032993,tt0057007,tt0039645",35
tt0041795,2.0,nm0001514,Victor Mature,"tt0046247,tt0039536,tt0038762,tt0035103",36,1.0,nm0002149,movie,"Red, Hot and Blue",0.0,\N,84,"Red, Hot and Blue",1949,"Comedy,Crime,Musical",Betty Hutton,1921,2007,"actress,writer,soundtrack","tt0042200,tt0044672,tt0037077,tt0038119",28
tt0041838,2.0,nm0001514,Victor Mature,"tt0046247,tt0039536,tt0038762,tt0035103",36,1.0,nm0001443,movie,Samson and Delilah,0.0,\N,134,Samson and Delilah,1949,"Drama,Family,History",Hedy Lamarr,1914,2000,"actress,producer,miscellaneous","tt0041838,tt0038990,tt0037769,tt0035460",35
tt0041899,2.0,nm0001647,Claude Rains,"tt0034583,tt0024184,tt0038787,tt0031679",60,1.0,nm0376905,movie,Song of Surrender,0.0,\N,93,Song of Surrender,1949,"Drama,Musical,Romance",Wanda Hendrix,1928,1981,"actress,archive_footage","tt0041899,tt0039768,tt0041767,tt0042310",21
tt0041902,1.0,nm0001362,Bob Hope,"tt0032520,tt0031143,tt0039645,tt0045094",46,2.0,nm0000840,movie,Sorrowful Jones,0.0,\N,88,Sorrowful Jones,1949,"Comedy,Drama",Lucille Ball,1911,1989,"producer,actress,production_manager","tt0043208,tt0055686,tt0062570,tt0047191",38
tt0041910,1.0,nm0264278,William Eythe,"tt0037795,tt0036244,tt0036377,tt0037607",31,3.0,nm0736990,movie,Special Agent,0.0,\N,71,Special Agent,1949,"Crime,Drama,History",Kasey Rogers,1925,2006,"actress,director,soundtrack","tt0044079,tt0044537,tt0057733,tt0041910",24
tt0041929,1.0,nm0000034,William Holden,"tt0046359,tt0047437,tt0043014,tt0074958",31,3.0,nm0293530,movie,Streets of Laredo,0.0,\N,93,Streets of Laredo,1949,"Drama,Western",Mona Freeman,1926,2014,"actress,soundtrack,archive_footage","tt0039307,tt0037632,tt0041452,tt0042279",23
tt0041969,1.0,nm0001078,Bing Crosby,"tt0047673,tt0049314,tt0036872,tt0046874",46,2.0,nm0001955,movie,Top o' the Morning,0.0,\N,100,Top o' the Morning,1949,"Comedy,Musical,Romance",Ann Blyth,1928,\N,"actress,soundtrack,archive_footage","tt0037913,tt0050494,tt0039224,tt0048260",21
tt0179092,2.0,nm0525283,André Luguet,"tt0134324,tt0179087,tt0200136,tt0023074",54,1.0,nm0201638,movie,Au petit bonheur,0.0,\N,105,Happy Go Lucky,1946,Comedy,Danielle Darrieux,1917,2017,"actress,music_department,soundtrack","tt0283832,tt0044314,tt0027951,tt0062873",29
tt0787239,1.0,nm1136299,Armando Goyena,"tt0310368,tt0422735,tt5643442,tt0786973",27,2.0,nm1335407,movie,Virginia,0.0,\N,\N,Virginia,1949,\N,Tessie Quintana,1931,1969,actress,"tt0356340,tt0375588,tt0442461,tt0356773",18
