tconst,ordering_M,nconst_M,primaryName_M,knownForTitles_M,age_M,ordering_F,nconst_F,primaryTitle,startYear,genres,primaryName_F,birthYear,deathYear,primaryProfession,knownForTitles_F,age_F
tt0029284,2.0,nm0000026,Cary Grant,"tt0053125,tt0056923,tt0034248,tt0053143",36,1.0,nm0002050,My Favorite Wife,1940,"Comedy,Romance",Irene Dunne,1898,1990,"actress,soundtrack,archive_footage","tt0028597,tt0031593,tt0040458,tt0029284",42
tt0032181,1.0,nm0557339,Raymond Massey,"tt0036613,tt0048028,tt0032181,tt0028358",44,3.0,nm0002106,Abe Lincoln in Illinois,1940,"Biography,Drama,History",Ruth Gordon,1896,1985,"actress,writer,soundtrack","tt0063522,tt0077523,tt0067185,tt0059314",44
tt0032211,2.0,nm0255199,James Ellison,"tt0036027,tt0035489,tt0028377,tt0027725",30,1.0,nm0794297,Anne of Windy Poplars,1940,"Drama,Romance",Anne Shirley,1918,1993,"actress,soundtrack,archive_footage","tt0037101,tt0033532,tt0029608,tt0021074",22
tt0032247,1.0,nm0002503,Harry Carey,"tt0031679,tt0040724,tt0022495,tt0032247",62,5.0,nm0653642,Beyond Tomorrow,1940,"Drama,Fantasy,Romance",Maria Ouspenskaya,1876,1949,"actress,soundtrack,archive_footage","tt0034398,tt0028739,tt0027532,tt0031593",64
tt0032252,2.0,nm0579663,Adolphe Menjou,"tt0050825,tt0021890,tt0029606,tt0016935",50,1.0,nm0000058,A Bill of Divorcement,1940,Drama,Maureen O'Hara,1920,2015,"actress,soundtrack,archive_footage","tt0045061,tt0039628,tt0055277,tt0033729",20
tt0032292,1.0,nm0639563,George O'Brien,"tt0018455,tt0040369,tt0031630,tt0027384",41,2.0,nm0883922,Bullet Code,1940,Western,Virginia Vale,1920,2006,"actress,soundtrack,archive_footage","tt0033399,tt0033185,tt0034550,tt0032292",20
tt0032359,1.0,nm0111612,Clive Brook,"tt0023876,tt0037149,tt0023460,tt0027904",53,4.0,nm0132607,Convoy,1940,"Drama,War",Judy Campbell,1916,2004,"actress,writer,archive_footage","tt0497612,tt0033108,tt0033016,tt0040005",24
tt0032361,1.0,nm0380965,Jean Hersholt,"tt0015881,tt0018451,tt0028988,tt0023194",54,2.0,nm0522662,The Courageous Dr. Christian,1940,Drama,Dorothy Lovett,1915,1998,"actress,soundtrack","tt0032980,tt0034279,tt0032411,tt0031635",25
tt0032369,1.0,nm0713270,Gene Raymond,"tt0028270,tt0033922,tt0040590,tt0027913",32,2.0,nm0057412,Cross-Country Romance,1940,"Comedy,Romance",Wendy Barrie,1912,1978,"actress,soundtrack,archive_footage","tt0033650,tt0031890,tt0033517,tt0033013",28
tt0032373,2.0,nm0610253,Alan Mowbray,"tt0038762,tt0033740,tt0028010,tt0049408",44,1.0,nm0713799,Curtain Call,1940,"Comedy,Romance",Barbara Read,1917,1963,actress,"tt0029192,tt0028373,tt0031961,tt0039422",23
tt0032376,2.0,nm0371775,Louis Hayward,"tt0037515,tt0042579,tt0031619,tt0039761",31,1.0,nm0000058,"Dance, Girl, Dance",1940,"Comedy,Drama,Music",Maureen O'Hara,1920,2015,"actress,soundtrack,archive_footage","tt0045061,tt0039628,tt0055277,tt0033729",20
tt0032411,1.0,nm0380965,Jean Hersholt,"tt0015881,tt0018451,tt0028988,tt0023194",54,2.0,nm0522662,Dr. Christian Meets the Women,1940,"Drama,Romance",Dorothy Lovett,1915,1998,"actress,soundtrack","tt0032980,tt0034279,tt0032411,tt0031635",25
tt0032417,1.0,nm0490713,Chester Lauck,"tt0035480,tt0033379,tt0049454,tt0032417",38,3.0,nm0486387,Dreaming Out Loud,1940,Comedy,Frances Langford,1913,2005,"actress,music_department,writer","tt0029003,tt0028079,tt0026325,tt0033323",27
tt0032455,4.0,nm0123553,Corey Burton,"tt0230011,tt0092106,tt1568322,tt0119282",-15,13.0,nm0637163,Fantasia,1940,"Animation,Family,Fantasy",Julietta Novis,1909,1994,"actress,soundtrack","tt0032455,tt0032823",31
tt0032456,2.0,nm0749476,Charles Ruggles,"tt0055277,tt0024359,tt0039502,tt0026955",54,1.0,nm0713106,The Farmer's Daughter,1940,"Comedy,Music,Romance",Martha Raye,1916,1994,"actress,writer,soundtrack","tt0055797,tt0088693,tt0066685,tt0028806",24
tt0032622,1.0,nm0852710,Kent Taylor,"tt0032622,tt0040414,tt0033113,tt0031335",34,2.0,nm0371123,I'm Still Alive,1940,"Action,Adventure,Drama",Linda Hayes,1918,1995,"actress,soundtrack,archive_footage","tt0031370,tt0032622,tt0031641,tt2381111",22
tt0032638,2.0,nm0001537,Ray Milland,"tt0037884,tt0046912,tt0066011,tt0037415",33,1.0,nm0623554,Irene,1940,"Comedy,Musical,Mystery",Anna Neagle,1904,1986,"actress,producer,soundtrack","tt0039281,tt0043871,tt0029734,tt0032847",36
tt0032642,1.0,nm0307326,William Gargan,"tt0024617,tt0023369,tt0040112,tt0024097",35,3.0,nm0485806,Isle of Destiny,1940,"Action,Adventure,Drama",June Lang,1917,2005,"actress,soundtrack,archive_footage","tt0022753,tt0030430,tt0034087,tt0031328",23
tt0032671,2.0,nm0604605,Dennis Morgan,"tt0039647,tt0037595,tt0041515,tt0032671",32,1.0,nm0001677,Kitty Foyle,1940,"Drama,Romance",Ginger Rogers,1911,1995,"actress,soundtrack,archive_footage","tt0032671,tt0035019,tt0044916,tt0032946",29
tt0032683,1.0,nm0392529,Tim Holt,"tt0035015,tt0040897,tt0038762,tt0031971",21,2.0,nm0319582,Laddie,1940,Drama,Virginia Gilmore,1919,1986,"actress,soundtrack,archive_footage","tt0040237,tt0032648,tt0034507,tt0035426",21
tt0032696,1.0,nm0639563,George O'Brien,"tt0018455,tt0040369,tt0031630,tt0027384",41,2.0,nm0883922,Legion of the Lawless,1940,Western,Virginia Vale,1920,2006,"actress,soundtrack,archive_footage","tt0033399,tt0033185,tt0034550,tt0032292",20
tt0032700,1.0,nm0188972,Bob Crosby,"tt0081398,tt0107507,tt1486834,tt2140373",27,2.0,nm0736939,Let's Make Music,1940,"Drama,Music,Romance",Jean Rogers,1916,1991,"actress,soundtrack,archive_footage","tt0027623,tt0032325,tt0033227,tt0038618",24
tt0032703,1.0,nm0948714,Jeff York,"tt0038854,tt0050567,tt0052441,tt0039372",28,2.0,nm0640930,Li'l Abner,1940,"Comedy,Romance",Martha O'Driscoll,1922,1998,"actress,soundtrack,archive_footage","tt0037793,tt0038203,tt0038364,tt0038490",18
tt0032717,2.0,nm0642988,Jack Oakie,"tt0032553,tt0023225,tt0023302,tt0029845",37,1.0,nm0290215,Little Men,1940,"Comedy,Drama",Kay Francis,1905,1968,"actress,producer,writer","tt0025461,tt0023622,tt0028579,tt0021281",35
tt0032720,1.0,nm0790788,Johnny Sheffield,"tt0035419,tt0039887,tt0038151,tt0036414",9,3.0,nm0871676,Little Orvie,1940,"Comedy,Drama",Dorothy Tree,1906,1992,"actress,archive_footage","tt0042208,tt0036699,tt0025443,tt0032181",34
tt0032733,1.0,nm0172903,Ronald Colman,"tt0039335,tt0035238,tt0019735,tt0029162",49,2.0,nm0001677,Lucky Partners,1940,"Comedy,Drama,Romance",Ginger Rogers,1911,1995,"actress,soundtrack,archive_footage","tt0032671,tt0035019,tt0044916,tt0032946",29
tt0032761,1.0,nm0228715,Richard Dix,"tt0021746,tt0015117,tt0016439,tt0016345",47,3.0,nm0000840,The Marines Fly High,1940,"Action,Adventure,Drama",Lucille Ball,1911,1989,"producer,actress,production_manager","tt0043208,tt0055686,tt0062570,tt0047191",29
tt0032764,1.0,nm0550701,Alan Marshal,"tt0051744,tt0027657,tt0033858,tt0031455",31,2.0,nm0899091,Married and in Love,1940,"Drama,Romance",Helen Vinson,1907,1999,actress,"tt0023042,tt0024210,tt0033175,tt0033963",33
tt0032781,1.0,nm0228715,Richard Dix,"tt0021746,tt0015117,tt0016439,tt0016345",47,4.0,nm0057412,Men Against the Sky,1940,"Action,Adventure,Drama",Wendy Barrie,1912,1978,"actress,soundtrack,archive_footage","tt0033650,tt0031890,tt0033517,tt0033013",28
tt0032786,2.0,nm0259816,Leon Errol,"tt0031641,tt0031370,tt0035061,tt0036959",59,1.0,nm0892473,Mexican Spitfire Out West,1940,Comedy,Lupe Velez,1908,1944,"actress,soundtrack,archive_footage","tt0031370,tt0031641,tt0020074,tt0034867",32
tt0032795,1.0,nm0672101,Joe Penner,"tt0024993,tt0029303,tt0029145,tt0030188",36,2.0,nm0371123,Millionaire Playboy,1940,"Comedy,Romance",Linda Hayes,1918,1995,"actress,soundtrack,archive_footage","tt0031370,tt0032622,tt0031641,tt2381111",22
tt0032796,1.0,nm0870543,Lee Tracy,"tt0024704,tt0057883,tt0023948,tt0023825",42,2.0,nm0371123,Millionaires in Prison,1940,"Crime,Drama",Linda Hayes,1918,1995,"actress,soundtrack,archive_footage","tt0031370,tt0032622,tt0031641,tt2381111",22
tt0032847,2.0,nm0137999,Richard Carlson,"tt0046876,tt0045920,tt0033836,tt0032520",28,1.0,nm0623554,"No, No, Nanette",1940,"Comedy,Drama,Musical",Anna Neagle,1904,1986,"actress,producer,soundtrack","tt0039281,tt0043871,tt0029734,tt0032847",36
tt0032869,2.0,nm0351744,William Haade,"tt0040506,tt0029080,tt0037986,tt0038764",37,1.0,nm0786538,One Crowded Night,1940,Drama,Billie Seward,1912,1982,"actress,archive_footage","tt0026047,tt0026701,tt0032869,tt0024897",28
tt0032910,1.0,nm0427934,Dickie Jones,"tt2395427,tt0026163,tt0026636,tt0027200",13,15.0,nm0201428,Pinocchio,1940,"Adventure,Animation,Comedy",Marion Darlington,1910,1991,"actress,soundtrack","tt0042332,tt0021665,tt0024451,tt0024440",30
tt0032916,2.0,nm0255199,James Ellison,"tt0036027,tt0035489,tt0028377,tt0027725",31,1.0,nm0290215,Play Girl,1941,"Comedy,Romance",Kay Francis,1905,1968,"actress,producer,writer","tt0025461,tt0023622,tt0028579,tt0021281",36
tt0032925,1.0,nm0259816,Leon Errol,"tt0031641,tt0031370,tt0035061,tt0036959",59,3.0,nm0086680,Pop Always Pays,1940,Comedy,Pamela Blake,1915,2009,"actress,soundtrack,archive_footage","tt0035432,tt0039782,tt0042532,tt0031371",25
tt0032939,1.0,nm0639563,George O'Brien,"tt0018455,tt0040369,tt0031630,tt0027384",41,2.0,nm0883922,Prairie Law,1940,Western,Virginia Vale,1920,2006,"actress,soundtrack,archive_footage","tt0033399,tt0033185,tt0034550,tt0032292",20
tt0032946,2.0,nm0566948,Joel McCrea,"tt0034240,tt0032484,tt0023238,tt0056412",35,1.0,nm0001677,Primrose Path,1940,"Drama,Mystery,Romance",Ginger Rogers,1911,1995,"actress,soundtrack,archive_footage","tt0032671,tt0035019,tt0044916,tt0032946",29
tt0032980,1.0,nm0380965,Jean Hersholt,"tt0015881,tt0018451,tt0028988,tt0023194",54,2.0,nm0522662,Remedy for Riches,1940,"Comedy,Romance",Dorothy Lovett,1915,1998,"actress,soundtrack","tt0032980,tt0034279,tt0032411,tt0031635",25
tt0033013,1.0,nm0001695,George Sanders,"tt0042192,tt0032976,tt0037988,tt0033873",34,3.0,nm0057412,The Saint Takes Over,1940,"Crime,Mystery",Wendy Barrie,1912,1978,"actress,soundtrack,archive_footage","tt0033650,tt0031890,tt0033517,tt0033013",28
tt0033014,1.0,nm0001695,George Sanders,"tt0042192,tt0032976,tt0037988,tt0033873",34,3.0,nm0721748,The Saint's Double Trouble,1940,"Action,Crime,Drama",Helene Reynolds,1914,1990,actress,"tt0035979,tt0031455,tt0035272,tt0035027",26
tt0033098,1.0,nm0639563,George O'Brien,"tt0018455,tt0040369,tt0031630,tt0027384",41,2.0,nm0883922,Stage to Chino,1940,Western,Virginia Vale,1920,2006,"actress,soundtrack,archive_footage","tt0033399,tt0033185,tt0034550,tt0032292",20
tt0033107,1.0,nm0000048,Peter Lorre,"tt0022100,tt0036613,tt0034583,tt0033870",36,3.0,nm0848172,Stranger on the Third Floor,1940,"Crime,Drama,Film-Noir",Margaret Tallichet,1914,1991,"actress,archive_footage","tt0033107,tt0030052,tt0033766,tt0030184",26
tt0033124,1.0,nm0593775,Thomas Mitchell,"tt0031971,tt0031381,tt0038650,tt0031679",48,2.0,nm0078923,Swiss Family Robinson,1940,"Adventure,Family",Edna Best,1900,1974,"actress,archive_footage","tt0039420,tt0025452,tt0039556,tt0031491",40
tt0033150,2.0,nm0001452,Charles Laughton,"tt0051201,tt0026752,tt0054331,tt0026955",41,1.0,nm0001479,They Knew What They Wanted,1940,"Drama,Romance",Carole Lombard,1908,1942,"actress,soundtrack,archive_footage","tt0028010,tt0035446,tt0029322,tt0026452",32
tt0033169,1.0,nm0362567,Cedric Hardwicke,"tt0049833,tt0046534,tt0048960,tt0040746",47,4.0,nm0404360,Tom Brown's School Days,1940,Drama,Josephine Hutchinson,1903,1998,"actress,soundtrack,archive_footage","tt0053125,tt0031951,tt0025219,tt0026934",37
tt0033173,2.0,nm0137999,Richard Carlson,"tt0046876,tt0045920,tt0033836,tt0032520",28,1.0,nm0000840,Too Many Girls,1940,"Comedy,Music,Sport",Lucille Ball,1911,1989,"producer,actress,production_manager","tt0043208,tt0055686,tt0062570,tt0047191",29
tt0033185,1.0,nm0639563,George O'Brien,"tt0018455,tt0040369,tt0031630,tt0027384",41,2.0,nm0883922,Triple Justice,1940,"Romance,Western",Virginia Vale,1920,2006,"actress,soundtrack,archive_footage","tt0033399,tt0033185,tt0034550,tt0032292",20
tt0033221,3.0,nm0000731,Brian Aherne,"tt0030442,tt0036203,tt0057547,tt0027067",38,1.0,nm0001479,Vigil in the Night,1940,"Drama,Romance",Carole Lombard,1908,1942,"actress,soundtrack,archive_footage","tt0028010,tt0035446,tt0029322,tt0026452",32
tt0033224,1.0,nm0001890,Hugh Herbert,"tt0033397,tt0020953,tt0030202,tt0029541",56,2.0,nm0521937,The Villain Still Pursued Her,1940,Comedy,Anita Louise,1915,1970,"actress,soundtrack,archive_footage","tt0031580,tt0037698,tt0021465,tt0034021",25
tt0033234,1.0,nm0392529,Tim Holt,"tt0035015,tt0040897,tt0038762,tt0031971",21,4.0,nm0640930,Wagon Train,1940,"Drama,Western",Martha O'Driscoll,1922,1998,"actress,soundtrack,archive_footage","tt0037793,tt0038203,tt0038364,tt0038490",18
tt0033265,2.0,nm0485704,Charles Lang,"tt0033945,tt0045604,tt0040645,tt0048331",25,1.0,nm0942039,Wildcat Bus,1940,"Action,Crime,Drama",Fay Wray,1907,2004,"actress,writer,camera_department","tt0024216,tt0023238,tt0022827,tt0024368",33
tt0033279,3.0,nm0255199,James Ellison,"tt0036027,tt0035489,tt0028377,tt0027725",30,1.0,nm0000840,You Can't Fool Your Wife,1940,"Comedy,Romance",Lucille Ball,1911,1989,"producer,actress,production_manager","tt0043208,tt0055686,tt0062570,tt0047191",29
tt0033283,1.0,nm0477517,Kay Kyser,"tt0033283,tt0032015,tt0034033,tt0119558",35,5.0,nm0663540,You'll Find Out,1940,"Comedy,Crime,Horror",Helen Parrish,1923,1959,"actress,soundtrack,archive_footage","tt0032030,tt0036189,tt0035428,tt0035738",17
tt0033332,1.0,nm0392529,Tim Holt,"tt0035015,tt0040897,tt0038762,tt0031971",22,3.0,nm0722384,Along the Rio Grande,1941,"Drama,Music,Western",Betty Jane Rhodes,1921,2011,"actress,soundtrack,archive_footage","tt0037475,tt0036327,tt0035216,tt0029145",20
tt0033373,1.0,nm0000011,Gary Cooper,"tt0044706,tt0034167,tt0035896,tt0027996",40,2.0,nm0001766,Ball of Fire,1941,"Comedy,Romance",Barbara Stanwyck,1907,1990,"actress,soundtrack,archive_footage","tt0036775,tt0033373,tt0040823,tt0032080",34
tt0033375,1.0,nm0392529,Tim Holt,"tt0035015,tt0040897,tt0038762,tt0031971",22,3.0,nm0907228,The Bandit Trail,1941,"Drama,Music,Western",Janet Waldo,1919,2016,"actress,soundtrack,archive_footage","tt0055683,tt0070544,tt0173587,tt0083481",22
tt0033379,1.0,nm0490713,Chester Lauck,"tt0035480,tt0033379,tt0049454,tt0032417",40,3.0,nm0686032,The Bashful Bachelor,1942,Comedy,Zasu Pitts,1894,1963,"actress,soundtrack,archive_footage","tt0015881,tt0057193,tt0026955,tt0032847",48
tt0033401,1.0,nm0452128,Guy Kibbee,"tt0031679,tt0027421,tt0026174,tt0023369",59,2.0,nm0242562,Scattergood Meets Broadway,1941,"Comedy,Drama",Emma Dunn,1874,1966,"actress,soundtrack,archive_footage","tt0031951,tt0026978,tt0032553,tt0040974",67
tt0033467,1.0,nm0000080,Orson Welles,"tt0033467,tt0052311,tt0040525,tt0057427",26,4.0,nm0173827,Citizen Kane,1941,"Drama,Mystery",Dorothy Comingore,1913,1971,"actress,soundtrack,archive_footage","tt0033467,tt0031733,tt0032296,tt0030007",28
tt0033478,1.0,nm0392529,Tim Holt,"tt0035015,tt0040897,tt0038762,tt0031971",23,2.0,nm0623610,Come on Danger,1942,"Drama,Music,Western",Frances E. Neal,1920,1988,"actress,archive_footage","tt0033805,tt0033478,tt0035205,tt0043208",22
tt0033505,1.0,nm0392529,Tim Holt,"tt0035015,tt0040897,tt0038762,tt0031971",22,2.0,nm0721851,Cyclone on Horseback,1941,"Drama,Western",Marjorie Reynolds,1917,1997,"actress,soundtrack,archive_footage","tt0039037,tt0034862,tt0032404,tt0043643",24
tt0033511,1.0,nm0906932,Anton Walbrook,"tt0040725,tt0036112,tt0031359,tt0033627",45,2.0,nm0336931,Suicide Squadron,1941,"Drama,Romance,War",Sally Gray,1915,2006,"actress,soundtrack","tt0034146,tt0031891,tt0032688,tt0038577",26
tt0033517,1.0,nm0001695,George Sanders,"tt0042192,tt0032976,tt0037988,tt0033873",36,3.0,nm0057412,A Date with the Falcon,1942,"Crime,Drama,Film-Noir",Wendy Barrie,1912,1978,"actress,soundtrack,archive_footage","tt0033650,tt0031890,tt0033517,tt0033013",30
tt0033532,1.0,nm0036427,Edward Arnold,"tt0030993,tt0031679,tt0033532,tt0033891",51,3.0,nm0002034,The Devil and Daniel Webster,1941,"Drama,Fantasy,Romance",Jane Darwell,1879,1967,"actress,archive_footage","tt0032551,tt0036244,tt0031381,tt0038762",62
tt0033533,2.0,nm0191950,Robert Cummings,"tt0046912,tt0035279,tt0047752,tt0039583",31,1.0,nm0000795,The Devil and Miss Jones,1941,"Comedy,Romance",Jean Arthur,1900,1991,"actress,soundtrack,archive_footage","tt0030993,tt0031679,tt0046303,tt0036172",41
tt0033560,1.0,nm0392529,Tim Holt,"tt0035015,tt0040897,tt0038762,tt0031971",22,2.0,nm0721851,Dude Cowboy,1941,"Drama,Music,Western",Marjorie Reynolds,1917,1997,"actress,soundtrack,archive_footage","tt0039037,tt0034862,tt0032404,tt0043643",24
tt0033563,1.0,nm0001359,Sterling Holloway,"tt0076363,tt0061852,tt0043274,tt0065421",36,13.0,nm0271658,Dumbo,1941,"Adventure,Animation,Drama",Verna Felton,1890,1966,"actress,soundtrack,archive_footage","tt0053285,tt0043274,tt0048280,tt0042332",51
tt0033587,1.0,nm0392529,Tim Holt,"tt0035015,tt0040897,tt0038762,tt0031971",21,4.0,nm0238565,The Fargo Kid,1940,"Drama,Western",Jane Drummond,1916,\N,actress,"tt0033587,tt0033273",24
tt0033592,1.0,nm0579663,Adolphe Menjou,"tt0050825,tt0021890,tt0029606,tt0016935",51,2.0,nm0841797,Father Takes a Wife,1941,"Comedy,Romance",Gloria Swanson,1899,1983,"actress,producer,costume_designer","tt0043014,tt0019344,tt0014636,tt0020514",42
tt0033615,1.0,nm0610253,Alan Mowbray,"tt0038762,tt0033740,tt0028010,tt0049408",45,3.0,nm0728230,Footlight Fever,1941,"Comedy,Romance",Elisabeth Risdon,1888,1958,"actress,soundtrack,archive_footage","tt0032181,tt0033717,tt0031641,tt0045125",53
tt0033650,1.0,nm0001695,George Sanders,"tt0042192,tt0032976,tt0037988,tt0033873",35,2.0,nm0057412,The Gay Falcon,1941,"Crime,Film-Noir,Mystery",Wendy Barrie,1912,1978,"actress,soundtrack,archive_footage","tt0033650,tt0031890,tt0033517,tt0033013",29
tt0033733,1.0,nm0259816,Leon Errol,"tt0031641,tt0031370,tt0035061,tt0036959",60,2.0,nm0171328,"Hurry, Charlie, Hurry",1941,Comedy,Mildred Coles,1920,1995,actress,"tt0041187,tt0040574,tt0040286,tt0163265",21
tt0033765,1.0,nm0493347,Wilfrid Lawson,"tt0049934,tt0030637,tt0032894,tt0062443",40,2.0,nm0842677,It Happened to One Man,1940,Drama,Nora Swinburne,1902,2000,"actress,archive_footage","tt0043949,tt0039509,tt0036814,tt0041247",38
tt0033805,1.0,nm0641454,Dennis O'Keefe,"tt0037557,tt0039881,tt0036104,tt0034303",33,2.0,nm0000752,Lady Scarface,1941,"Comedy,Crime,Drama",Judith Anderson,1897,1992,"actress,soundtrack,archive_footage","tt0032976,tt0088170,tt0037008,tt0051459",44
tt0033810,1.0,nm0392529,Tim Holt,"tt0035015,tt0040897,tt0038762,tt0031971",23,3.0,nm0907228,Land of the Open Range,1942,"Drama,Western",Janet Waldo,1919,2016,"actress,soundtrack,archive_footage","tt0055683,tt0070544,tt0173587,tt0083481",23
tt0033836,2.0,nm0003339,Herbert Marshall,"tt0032484,tt0021165,tt0023622,tt0033836",51,1.0,nm0000012,The Little Foxes,1941,"Drama,Romance",Bette Davis,1908,1989,"actress,make_up_department,producer","tt0042192,tt0056687,tt0031210,tt0035140",33
tt0033850,1.0,nm0001944,Edgar Bergen,"tt0039404,tt0079588,tt0030359,tt0037297",38,4.0,nm0430090,Look Who's Laughing,1941,"Adventure,Comedy",Marian Jordan,1898,1961,"actress,soundtrack,archive_footage","tt0036902,tt0033850,tt0029663,tt0034847",43
tt0033898,1.0,nm0380965,Jean Hersholt,"tt0015881,tt0018451,tt0028988,tt0023194",55,2.0,nm0942039,Melody for Three,1941,Drama,Fay Wray,1907,2004,"actress,writer,camera_department","tt0024216,tt0023238,tt0022827,tt0024368",34
tt0033907,2.0,nm0259816,Leon Errol,"tt0031641,tt0031370,tt0035061,tt0036959",60,1.0,nm0892473,The Mexican Spitfire's Baby,1941,Comedy,Lupe Velez,1908,1944,"actress,soundtrack,archive_footage","tt0031370,tt0031641,tt0020074,tt0034867",33
tt0033922,2.0,nm0599910,Robert Montgomery,"tt0029310,tt0039545,tt0033712,tt0033922",37,1.0,nm0001479,Mr. & Mrs. Smith,1941,"Comedy,Romance",Carole Lombard,1908,1942,"actress,soundtrack,archive_footage","tt0028010,tt0035446,tt0029322,tt0026452",33
tt0033932,1.0,nm0172903,Ronald Colman,"tt0039335,tt0035238,tt0019735,tt0029162",50,2.0,nm0496819,My Life with Caroline,1941,"Comedy,Romance",Anna Lee,1913,2004,"actress,soundtrack,archive_footage","tt0059742,tt0056687,tt0056758,tt0033729",28
tt0033968,2.0,nm0639529,Edmond O'Brien,"tt0056217,tt0046754,tt0058576,tt0042369",27,1.0,nm0140863,Obliging Young Lady,1942,"Comedy,Romance",Joan Carroll,1931,2016,"actress,archive_footage","tt0037059,tt0033968,tt0032946,tt0037536",11
tt0034000,1.0,nm0696481,Robert Preston,"tt0056262,tt0084865,tt0087597,tt0083015",23,2.0,nm0446715,Parachute Battalion,1941,"Drama,Romance,War",Nancy Kelly,1921,1995,"actress,soundtrack,archive_footage","tt0048977,tt0031507,tt0035795,tt0032873",20
tt0034033,1.0,nm0477517,Kay Kyser,"tt0033283,tt0032015,tt0034033,tt0119558",36,3.0,nm0892473,Playmates,1941,"Comedy,Music",Lupe Velez,1908,1944,"actress,soundtrack,archive_footage","tt0031370,tt0031641,tt0020074,tt0034867",33
tt0034091,1.0,nm0070361,Robert Benchley,"tt0032484,tt0034881,tt0038652,tt0035885",52,2.0,nm0317519,The Reluctant Dragon,1941,"Animation,Comedy,Family",Frances Gifford,1920,1994,"actress,archive_footage","tt0036414,tt0034798,tt0032602,tt0033776",21
tt0034094,1.0,nm0852710,Kent Taylor,"tt0032622,tt0040414,tt0033113,tt0031335",35,2.0,nm0057412,Repent at Leisure,1941,"Drama,Romance",Wendy Barrie,1912,1978,"actress,soundtrack,archive_footage","tt0033650,tt0031890,tt0033517,tt0033013",29
tt0034109,1.0,nm0392529,Tim Holt,"tt0035015,tt0040897,tt0038762,tt0031971",23,3.0,nm0054060,Riding the Wind,1942,"Drama,Western",Joan Barclay,1914,2002,"actress,archive_footage","tt0028241,tt0140551,tt0028637,tt0038080",28
tt0034119,1.0,nm0392529,Tim Holt,"tt0035015,tt0040897,tt0038762,tt0031971",22,2.0,nm0883922,Robbers of the Range,1941,"Drama,Western",Virginia Vale,1920,2006,"actress,soundtrack,archive_footage","tt0033399,tt0033185,tt0034550,tt0032292",21
tt0034145,1.0,nm0001695,George Sanders,"tt0042192,tt0032976,tt0037988,tt0033873",34,3.0,nm0057412,The Saint in Palm Springs,1940,"Crime,Drama,Mystery",Wendy Barrie,1912,1978,"actress,soundtrack,archive_footage","tt0033650,tt0031890,tt0033517,tt0033013",28
tt0034146,1.0,nm0801630,Hugh Sinclair,"tt0034146,tt0036324,tt0033031,tt0042791",38,2.0,nm0336931,The Saint's Vacation,1941,"Comedy,Crime,Drama",Sally Gray,1915,2006,"actress,soundtrack","tt0034146,tt0031891,tt0032688,tt0038577",26
tt0034154,1.0,nm0452128,Guy Kibbee,"tt0031679,tt0027421,tt0026174,tt0023369",59,2.0,nm0400490,Scattergood Baines,1941,"Comedy,Drama",Carol Hughes,1910,1995,"actress,soundtrack,archive_footage","tt0032274,tt0032475,tt0030193,tt0029475",31
tt0034155,1.0,nm0452128,Guy Kibbee,"tt0031679,tt0027421,tt0026174,tt0023369",59,3.0,nm0676688,Scattergood Pulls the Strings,1941,Comedy,Susan Peters,1921,1952,"actress,soundtrack,archive_footage","tt0035238,tt0040785,tt0034680,tt0036552",20
tt0034195,1.0,nm0392529,Tim Holt,"tt0035015,tt0040897,tt0038762,tt0031971",22,3.0,nm0165715,Six-Gun Gold,1941,Western,Jan Clayton,1917,1983,"actress,soundtrack,archive_footage","tt0046617,tt0038163,tt0032476,tt1478608",24
tt0034243,2.0,nm0001961,Ray Bolger,"tt0032138,tt0054649,tt0045325,tt0044370",37,1.0,nm0623554,Sunny,1941,"Musical,Romance",Anna Neagle,1904,1986,"actress,producer,soundtrack","tt0039281,tt0043871,tt0029734,tt0032847",37
tt0034248,1.0,nm0000026,Cary Grant,"tt0053125,tt0056923,tt0034248,tt0053143",37,2.0,nm0000021,Suspicion,1941,"Film-Noir,Mystery,Thriller",Joan Fontaine,1917,2013,"actress,producer,soundtrack","tt0034248,tt0032976,tt0035751,tt0036969",24
tt0034278,2.0,nm0628579,Robert Newton,"tt0048960,tt0031505,tt0037367,tt0044426",37,1.0,nm0623554,Wings and the Woman,1942,"Biography,Drama",Anna Neagle,1904,1986,"actress,producer,soundtrack","tt0039281,tt0043871,tt0029734,tt0032847",38
tt0034279,1.0,nm0380965,Jean Hersholt,"tt0015881,tt0018451,tt0028988,tt0023194",55,2.0,nm0522662,They Meet Again,1941,"Drama,Musical",Dorothy Lovett,1915,1998,"actress,soundtrack","tt0032980,tt0034279,tt0032411,tt0031635",26
tt0034280,2.0,nm0255199,James Ellison,"tt0036027,tt0035489,tt0028377,tt0027725",31,1.0,nm0000058,They Met in Argentina,1941,"Comedy,Musical,Romance",Maureen O'Hara,1920,2015,"actress,soundtrack,archive_footage","tt0045061,tt0039628,tt0055277,tt0033729",21
tt0034290,1.0,nm0392529,Tim Holt,"tt0035015,tt0040897,tt0038762,tt0031971",23,4.0,nm0910294,Thundering Hoofs,1942,"Drama,Music,Western",Luana Walters,1912,1963,"actress,archive_footage","tt0034613,tt0028241,tt0032420,tt0028589",30
tt0034299,2.0,nm0614278,George Murphy,"tt0036430,tt0036673,tt0032284,tt0041198",39,1.0,nm0001677,"Tom, Dick and Harry",1941,Comedy,Ginger Rogers,1911,1995,"actress,soundtrack,archive_footage","tt0032671,tt0035019,tt0044916,tt0032946",30
tt0034339,2.0,nm0185883,James Craig,"tt0033532,tt0035980,tt0039301,tt0035308",29,1.0,nm0794297,Unexpected Uncle,1941,"Comedy,Drama",Anne Shirley,1918,1993,"actress,soundtrack,archive_footage","tt0037101,tt0033532,tt0029608,tt0021074",23
tt0034473,1.0,nm0255199,James Ellison,"tt0036027,tt0035489,tt0028377,tt0027725",32,2.0,nm0943553,Army Surgeon,1942,"Drama,Romance,War",Jane Wyatt,1910,2006,"actress,soundtrack,archive_footage","tt0092007,tt0046600,tt0040695,tt0029162",32
tt0034492,1.0,nm0017013,Hardie Albright,"tt0023491,tt0024598,tt0035007,tt0026594",39,5.0,nm1027883,Bambi,1942,"Adventure,Animation,Drama",Bobette Audrey,1931,2007,actress,\N,11
tt0034494,1.0,nm0392529,Tim Holt,"tt0035015,tt0040897,tt0038762,tt0031971",23,3.0,nm0054060,Bandit Ranger,1942,"Drama,Music,Western",Joan Barclay,1914,2002,"actress,archive_footage","tt0028241,tt0140551,tt0028637,tt0038080",28
tt0034514,1.0,nm0000020,Henry Fonda,"tt0050083,tt0082846,tt0032551,tt0051207",37,2.0,nm0000840,The Big Street,1942,"Drama,Music,Romance",Lucille Ball,1911,1989,"producer,actress,production_manager","tt0043208,tt0055686,tt0062570,tt0047191",31
tt0034567,1.0,nm0572142,Victor McLaglen,"tt0045061,tt0026529,tt0040369,tt0024141",56,3.0,nm0001931,Call Out the Marines,1942,"Comedy,Music,War",Binnie Barnes,1903,1998,"actress,producer,soundtrack","tt0039037,tt0038108,tt0024473,tt0028373",39
tt0034587,2.0,nm0007218,Tom Conway,"tt0034587,tt0036027,tt0038518,tt0035856",38,1.0,nm0800386,Cat People,1942,"Fantasy,Horror,Thriller",Simone Simon,1911,2005,"actress,soundtrack,archive_footage","tt0034587,tt0036733,tt0037034,tt0029957",31
tt0034716,1.0,nm0001695,George Sanders,"tt0042192,tt0032976,tt0037988,tt0033873",36,2.0,nm0054609,The Falcon Takes Over,1942,"Comedy,Crime,Mystery",Lynn Bari,1919,1989,"actress,soundtrack,archive_footage","tt0036672,tt0034716,tt0029899,tt0038782",23
tt0034717,1.0,nm0001695,George Sanders,"tt0042192,tt0032976,tt0037988,tt0033873",36,3.0,nm0709905,The Falcon's Brother,1942,"Crime,Drama,Film-Noir",Jane Randolph,1914,2009,"actress,miscellaneous,archive_footage","tt0034587,tt0040068,tt0034717,tt0035854",28
tt0034734,1.0,nm0001366,Leslie Howard,"tt0030637,tt0031381,tt0034027,tt0025748",49,3.0,nm0424228,Spitfire,1942,"Adventure,Biography,Drama",Rosamund John,1913,1998,"actress,soundtrack,archive_footage","tt0037352,tt0034734,tt0038577,tt0177218",29
tt0034751,1.0,nm0001961,Ray Bolger,"tt0032138,tt0054649,tt0045325,tt0044370",38,2.0,nm0794297,Four Jacks and a Jill,1942,"Comedy,Music,Romance",Anne Shirley,1918,1993,"actress,soundtrack,archive_footage","tt0037101,tt0033532,tt0029608,tt0021074",24
tt0034810,1.0,nm0669433,Harold Peary,"tt0036864,tt0035940,tt0035941,tt0035307",34,2.0,nm0002034,The Great Gildersleeve,1942,"Adventure,Comedy,Romance",Jane Darwell,1879,1967,"actress,archive_footage","tt0032551,tt0036244,tt0031381,tt0038762",63
tt0034847,1.0,nm0430015,Jim Jordan,"tt0076618,tt0033850,tt0036902,tt0029663",46,2.0,nm0430090,Here We Go Again,1942,Comedy,Marian Jordan,1898,1961,"actress,soundtrack,archive_footage","tt0036902,tt0033850,tt0029663,tt0034847",44
tt0034853,1.0,nm0137999,Richard Carlson,"tt0046876,tt0045920,tt0033836,tt0032520",30,2.0,nm0709905,Highways by Night,1942,"Adventure,Comedy,Crime",Jane Randolph,1914,2009,"actress,miscellaneous,archive_footage","tt0034587,tt0040068,tt0034717,tt0035854",28
tt0034856,1.0,nm0392529,Tim Holt,"tt0035015,tt0040897,tt0038762,tt0031971",24,2.0,nm0335748,Hitler's Children,1943,"Drama,Romance,War",Bonita Granville,1923,1988,"producer,actress,director","tt0035140,tt0030442,tt0030491,tt0028356",20
tt0034919,2.0,nm0002134,Paul Henreid,"tt0034583,tt0040444,tt0076009,tt0035140",34,1.0,nm0006807,Joan of Paris,1942,"Drama,Romance,War",Michèle Morgan,1920,2016,"actress,archive_footage,archive_sound","tt0039004,tt0030643,tt0040338,tt0038409",22
tt0035015,1.0,nm0392529,Tim Holt,"tt0035015,tt0040897,tt0038762,tt0031971",23,3.0,nm0182537,The Magnificent Ambersons,1942,"Drama,Romance",Dolores Costello,1903,1979,"actress,soundtrack,archive_footage","tt0017354,tt0035015,tt0018218,tt0017973",39
tt0035048,1.0,nm0614278,George Murphy,"tt0036430,tt0036673,tt0032284,tt0041198",40,2.0,nm0794297,The Mayor of 44th Street,1942,Drama,Anne Shirley,1918,1993,"actress,soundtrack,archive_footage","tt0037101,tt0033532,tt0029608,tt0021074",24
tt0035059,2.0,nm0259816,Leon Errol,"tt0031641,tt0031370,tt0035061,tt0036959",61,1.0,nm0892473,Mexican Spitfire Sees a Ghost,1942,Comedy,Lupe Velez,1908,1944,"actress,soundtrack,archive_footage","tt0031370,tt0031641,tt0020074,tt0034867",34
tt0035060,2.0,nm0259816,Leon Errol,"tt0031641,tt0031370,tt0035061,tt0036959",61,1.0,nm0892473,Mexican Spitfire at Sea,1942,Comedy,Lupe Velez,1908,1944,"actress,soundtrack,archive_footage","tt0031370,tt0031641,tt0020074,tt0034867",34
tt0035061,2.0,nm0259816,Leon Errol,"tt0031641,tt0031370,tt0035061,tt0036959",61,1.0,nm0892473,Mexican Spitfire's Elephant,1942,"Comedy,Romance",Lupe Velez,1908,1944,"actress,soundtrack,archive_footage","tt0031370,tt0031641,tt0020074,tt0034867",34
tt0035102,1.0,nm0477517,Kay Kyser,"tt0033283,tt0032015,tt0034033,tt0119558",37,2.0,nm0237655,My Favorite Spy,1942,"Comedy,Musical",Ellen Drew,1914,2003,"actress,soundtrack,archive_footage","tt0032338,tt0037820,tt0033916,tt0042229",28
tt0035113,1.0,nm0002285,Pat O'Brien,"tt0053291,tt0029870,tt0039772,tt0021890",43,3.0,nm0943553,The Navy Comes Through,1942,"Drama,War",Jane Wyatt,1910,2006,"actress,soundtrack,archive_footage","tt0092007,tt0046600,tt0040695,tt0029162",32
tt0035151,4.0,nm0000026,Cary Grant,"tt0053125,tt0056923,tt0034248,tt0053143",38,1.0,nm0001677,Once Upon a Honeymoon,1942,"Adventure,Comedy,Drama",Ginger Rogers,1911,1995,"actress,soundtrack,archive_footage","tt0032671,tt0035019,tt0044916,tt0032946",31
tt0035193,1.0,nm0392529,Tim Holt,"tt0035015,tt0040897,tt0038762,tt0031971",23,3.0,nm0640605,Pirates of the Prairie,1942,"Drama,Music,Western",Nell O'Day,1909,1989,"actress,writer,soundtrack","tt0025725,tt0036305,tt0033819,tt0036437",33
tt0035205,1.0,nm0572142,Victor McLaglen,"tt0045061,tt0026529,tt0040369,tt0024141",56,3.0,nm0369896,Powder Town,1942,"Comedy,Drama",June Havoc,1912,2010,"actress,soundtrack,archive_footage","tt0039416,tt0040478,tt0035996,tt0361748",30
tt0035211,1.0,nm0000011,Gary Cooper,"tt0044706,tt0034167,tt0035896,tt0027996",41,2.0,nm0942863,The Pride of the Yankees,1942,"Biography,Drama,Romance",Teresa Wright,1918,2005,"actress,soundtrack,archive_footage","tt0036342,tt0036868,tt0035093,tt0081534",24
tt0035282,1.0,nm0392529,Tim Holt,"tt0035015,tt0040897,tt0038762,tt0031971",24,3.0,nm0054060,Sagebrush Law,1943,"Drama,Western",Joan Barclay,1914,2002,"actress,archive_footage","tt0028241,tt0140551,tt0028637,tt0038080",29
tt0035292,1.0,nm0452128,Guy Kibbee,"tt0031679,tt0027421,tt0026174,tt0023369",60,3.0,nm0601141,Scattergood Rides High,1942,"Comedy,Drama",Dorothy Moore,1919,2005,"actress,archive_footage","tt0031107,tt0032528,tt0168508,tt0030184",23
tt0035293,1.0,nm0452128,Guy Kibbee,"tt0031679,tt0027421,tt0026174,tt0023369",60,3.0,nm0371135,Scattergood Survives a Murder,1942,"Adventure,Comedy,Crime",Margaret Hayes,1916,1977,"actress,miscellaneous,archive_footage","tt0034240,tt0048790,tt0034798,tt0049027",26
tt0035307,1.0,nm0001514,Victor Mature,"tt0046247,tt0039536,tt0038762,tt0035103",29,2.0,nm0000840,Seven Days' Leave,1942,"Comedy,Musical,Romance",Lucille Ball,1911,1989,"producer,actress,production_manager","tt0043208,tt0055686,tt0062570,tt0047191",31
tt0035308,1.0,nm0185883,James Craig,"tt0033532,tt0035980,tt0039301,tt0035308",30,2.0,nm0335748,Seven Miles from Alcatraz,1942,"Action,Drama,Thriller",Bonita Granville,1923,1988,"producer,actress,director","tt0035140,tt0030442,tt0030491,tt0028356",19
tt0035338,1.0,nm0481618,Bert Lahr,"tt0032138,tt0035338,tt0035320,tt0037062",47,2.0,nm0369896,Sing Your Worries Away,1942,"Comedy,Musical,Mystery",June Havoc,1912,2010,"actress,soundtrack,archive_footage","tt0039416,tt0040478,tt0035996,tt0361748",30
tt0035374,1.0,nm0692439,Eric Portman,"tt0036695,tt0039306,tt0061180,tt0049067",42,2.0,nm0245304,Squadron Leader X,1943,"Drama,War",Ann Dvorak,1911,1979,"actress,miscellaneous,soundtrack","tt0023427,tt0028695,tt0026393,tt0023590",32
tt0035405,1.0,nm0579663,Adolphe Menjou,"tt0050825,tt0021890,tt0029606,tt0016935",52,4.0,nm0098333,Syncopation,1942,"Comedy,History,Music",Connee Boswell,1907,1976,"actress,soundtrack,archive_footage","tt0052181,tt0039003,tt0025520,tt0174513",35
tt0035477,1.0,nm0001452,Charles Laughton,"tt0051201,tt0026752,tt0054331,tt0026955",43,3.0,nm0236990,The Tuttles of Tahiti,1942,"Adventure,Comedy,Romance",Peggy Drake,1922,2014,actress,"tt0035477,tt0034944",20
tt0035480,1.0,nm0490713,Chester Lauck,"tt0035480,tt0033379,tt0049454,tt0032417",41,4.0,nm0510989,Two Weeks to Live,1943,"Action,Comedy",Kay Linaker,1913,2008,"actress,writer,soundtrack","tt0094761,tt0051418,tt0035532,tt0031371",30
tt0035502,2.0,nm0185883,James Craig,"tt0033532,tt0035980,tt0039301,tt0035308",30,1.0,nm0000840,Valley of the Sun,1942,"Drama,Western",Lucille Ball,1911,1989,"producer,actress,production_manager","tt0043208,tt0055686,tt0062570,tt0047191",31
tt0035648,1.0,nm0477517,Kay Kyser,"tt0033283,tt0032015,tt0034033,tt0119558",38,3.0,nm0204843,Around the World,1943,"Comedy,Musical",Joan Davis,1912,1961,"actress,producer,soundtrack","tt0033723,tt0037736,tt0036633,tt0036978",31
tt0035655,1.0,nm0392529,Tim Holt,"tt0035015,tt0040897,tt0038762,tt0031971",24,3.0,nm0838664,The Avenging Rider,1943,Western,Ann Summers,1919,1974,actress,"tt0236145,tt0068643,tt0058805,tt0041040",24
tt0035669,2.0,nm0623684,Tom Neal,"tt0037638,tt0037622,tt0038387,tt0041212",29,1.0,nm0546712,Behind the Rising Sun,1943,"Drama,War",Margo,1917,1985,"actress,soundtrack,archive_footage","tt0029162,tt0151573,tt0035669,tt0031656",26
tt0035689,1.0,nm0002285,Pat O'Brien,"tt0053291,tt0029870,tt0039772,tt0021890",44,3.0,nm0794297,Bombardier,1943,"Drama,War",Anne Shirley,1918,1993,"actress,soundtrack,archive_footage","tt0037101,tt0033532,tt0029608,tt0021074",25
tt0035738,1.0,nm0452128,Guy Kibbee,"tt0031679,tt0027421,tt0026174,tt0023369",61,2.0,nm0912846,Cinderella Swings It,1943,"Comedy,Drama,Musical",Gloria Warren,1926,2021,"actress,soundtrack,archive_footage","tt0035738,tt0039181,tt0038449,tt0038485",17
tt0035795,1.0,nm0919321,Johnny Weissmuller,"tt0023551,tt0035419,tt0042311,tt0036414",39,2.0,nm0446715,Tarzan's Desert Mystery,1943,"Adventure,Mystery,War",Nancy Kelly,1921,1995,"actress,soundtrack,archive_footage","tt0048977,tt0031507,tt0035795,tt0032873",22
tt0035854,1.0,nm0007218,Tom Conway,"tt0034587,tt0036027,tt0038518,tt0035856",39,2.0,nm0384948,The Falcon Strikes Back,1943,"Crime,Drama,Film-Noir",Harriet Nelson,1909,1994,"actress,soundtrack,archive_footage","tt0044230,tt0035854,tt0027630,tt0034572",34
tt0035855,1.0,nm0007218,Tom Conway,"tt0034587,tt0036027,tt0038518,tt0035856",39,2.0,nm0112046,The Falcon and the Co-eds,1943,"Crime,Drama,Film-Noir",Jean Brooks,1915,1963,"actress,archive_footage","tt0036341,tt0035856,tt0035855,tt0036104",28
tt0035856,1.0,nm0007218,Tom Conway,"tt0034587,tt0036027,tt0038518,tt0035856",39,3.0,nm0112046,The Falcon in Danger,1943,"Crime,Film-Noir,Mystery",Jean Brooks,1915,1963,"actress,archive_footage","tt0036341,tt0035856,tt0035855,tt0036104",28
tt0035860,1.0,nm0002092,John Garfield,"tt0030149,tt0039204,tt0038622,tt0038854",30,2.0,nm0000058,The Fallen Sparrow,1943,"Film-Noir,Mystery",Maureen O'Hara,1920,2015,"actress,soundtrack,archive_footage","tt0045061,tt0039628,tt0055277,tt0033729",23
tt0035874,1.0,nm0392529,Tim Holt,"tt0035015,tt0040897,tt0038762,tt0031971",24,3.0,nm0838664,Fighting Frontier,1943,Western,Ann Summers,1919,1974,actress,"tt0236145,tt0068643,tt0058805,tt0041040",24
tt0035888,2.0,nm0534045,Fred MacMurray,"tt0036775,tt0053604,tt0046816,tt0057518",35,1.0,nm0751426,Flight for Freedom,1943,"Drama,Romance,War",Rosalind Russell,1907,1976,"actress,writer,soundtrack","tt0051383,tt0032599,tt0056048,tt0032143",36
tt0035897,1.0,nm0456153,George Kirby,"tt0035897,tt0037267,tt0038034,tt0035031",64,2.0,nm0613192,Forever and a Day,1943,"Drama,History",Doreen Munroe,1897,1971,actress,tt0035897,46
tt0035917,2.0,nm0001017,John Carradine,"tt0032551,tt0031971,tt0082533,tt0049833",37,1.0,nm0546712,Gangway for Tomorrow,1943,Drama,Margo,1917,1985,"actress,soundtrack,archive_footage","tt0029162,tt0151573,tt0035669,tt0031656",26
tt0035937,1.0,nm0228715,Richard Dix,"tt0021746,tt0015117,tt0016439,tt0016345",50,3.0,nm0057121,The Ghost Ship,1943,"Drama,Mystery,Thriller",Edith Barrett,1907,1977,actress,"tt0036027,tt0036969,tt0040751,tt0033802",36
tt0035940,1.0,nm0669433,Harold Peary,"tt0036864,tt0035940,tt0035941,tt0035307",35,2.0,nm0000992,Gildersleeve on Broadway,1943,Comedy,Billie Burke,1884,1970,"actress,soundtrack,archive_footage","tt0032138,tt0030442,tt0023948,tt0029682",59
tt0035941,1.0,nm0669433,Harold Peary,"tt0036864,tt0035940,tt0035941,tt0035307",35,2.0,nm0002034,Gildersleeve's Bad Day,1943,Comedy,Jane Darwell,1879,1967,"actress,archive_footage","tt0032551,tt0036244,tt0031381,tt0038762",64
tt0035952,3.0,nm0876211,Sonny Tufts,"tt0048605,tt0036367,tt0036912,tt0039082",32,1.0,nm0000014,Government Girl,1943,Romance,Olivia de Havilland,1916,2020,"actress,soundtrack,archive_footage","tt0031381,tt0041452,tt0029843,tt0040806",27
tt0036027,2.0,nm0007218,Tom Conway,"tt0034587,tt0036027,tt0038518,tt0035856",39,1.0,nm0214168,I Walked with a Zombie,1943,"Drama,Fantasy,Horror",Frances Dee,1909,2004,"actress,soundtrack,archive_footage","tt0036027,tt0024264,tt0024560,tt0025117",34
tt0036044,1.0,nm0002285,Pat O'Brien,"tt0053291,tt0029870,tt0039772,tt0021890",44,4.0,nm0913095,The Iron Major,1943,"Biography,Drama,Romance",Ruth Warrick,1916,2005,"actress,miscellaneous,soundtrack","tt0033467,tt0065272,tt0038969,tt0057779",27
tt0036091,2.0,nm0000734,Eddie Albert,"tt0046250,tt0058808,tt0068687,tt0056197",35,1.0,nm0892473,Ladies' Day,1943,"Comedy,Romance,Sport",Lupe Velez,1908,1944,"actress,soundtrack,archive_footage","tt0031370,tt0031641,tt0020074,tt0034867",35
tt0036092,2.0,nm0000078,John Wayne,"tt0065126,tt0056217,tt0075213,tt0053580",36,1.0,nm0000795,A Lady Takes a Chance,1943,"Comedy,Romance,Western",Jean Arthur,1900,1991,"actress,soundtrack,archive_footage","tt0030993,tt0031679,tt0046303,tt0036172",43
tt0036104,1.0,nm0641454,Dennis O'Keefe,"tt0037557,tt0039881,tt0036104,tt0034303",35,2.0,nm0546712,The Leopard Man,1943,"Film-Noir,Horror,Thriller",Margo,1917,1985,"actress,soundtrack,archive_footage","tt0029162,tt0151573,tt0035669,tt0031656",26
tt0036155,2.0,nm0259816,Leon Errol,"tt0031641,tt0031370,tt0035061,tt0036959",62,1.0,nm0892473,Mexican Spitfire's Blessed Event,1943,Comedy,Lupe Velez,1908,1944,"actress,soundtrack,archive_footage","tt0031370,tt0031641,tt0020074,tt0034867",35
tt0036174,1.0,nm0000026,Cary Grant,"tt0053125,tt0056923,tt0034248,tt0053143",39,2.0,nm0206478,Mr. Lucky,1943,"Comedy,Crime,Romance",Laraine Day,1920,2007,"actress,soundtrack,archive_footage","tt0032484,tt0038700,tt0038164,tt0042049",23
tt0036217,2.0,nm0000763,Dana Andrews,"tt0037008,tt0036868,tt0037691,tt0049949",34,1.0,nm0000879,The North Star,1943,"Drama,Romance,War",Anne Baxter,1923,1985,"actress,soundtrack,archive_footage","tt0042192,tt0049833,tt0035015,tt0038873",20
tt0036259,4.0,nm0715748,Walter Reed,"tt0043546,tt0051746,tt0044091,tt0052520",27,1.0,nm0913095,Petticoat Larceny,1943,"Comedy,Crime,Music",Ruth Warrick,1916,2005,"actress,miscellaneous,soundtrack","tt0033467,tt0065272,tt0038969,tt0057779",27
tt0036296,1.0,nm0392529,Tim Holt,"tt0035015,tt0040897,tt0038762,tt0031971",23,3.0,nm0595627,Red River Robin Hood,1942,"Drama,Western",Barbara Moffett,1924,1986,actress,tt0036296,18
tt0036317,1.0,nm0114878,Wally Brown,"tt0038787,tt0038270,tt0037261,tt0036865",39,4.0,nm0054060,Rookies in Burma,1943,"Comedy,War",Joan Barclay,1914,2002,"actress,archive_footage","tt0028241,tt0140551,tt0028637,tt0038080",29
tt0036324,1.0,nm0801630,Hugh Sinclair,"tt0034146,tt0036324,tt0033031,tt0042791",38,2.0,nm0319159,The Saint Meets the Tiger,1941,"Crime,Drama,Mystery",Jean Gillie,1915,1949,actress,"tt0038462,tt0036324,tt0139592,tt0029156",26
tt0036341,2.0,nm0007218,Tom Conway,"tt0034587,tt0036027,tt0038518,tt0035856",39,1.0,nm0001375,The Seventh Victim,1943,"Drama,Horror,Mystery",Kim Hunter,1922,2002,"actress,soundtrack,archive_footage","tt0044081,tt0063442,tt0067065,tt0065462",21
tt0036363,1.0,nm0000001,Fred Astaire,"tt0072308,tt0050419,tt0053137,tt0027125",44,2.0,nm0504125,The Sky's the Limit,1943,"Comedy,Musical,Romance",Joan Leslie,1925,2015,"actress,soundtrack,archive_footage","tt0036363,tt0035575,tt0034167,tt0038026",18
tt0036414,1.0,nm0919321,Johnny Weissmuller,"tt0023551,tt0035419,tt0042311,tt0036414",39,2.0,nm0317519,Tarzan Triumphs,1943,"Action,Adventure,War",Frances Gifford,1920,1994,"actress,archive_footage","tt0036414,tt0034798,tt0032602,tt0033776",23
tt0036418,2.0,nm0752813,Robert Ryan,"tt0065214,tt0061578,tt0070212,tt0047849",34,1.0,nm0001677,Tender Comrade,1943,"Drama,Romance,War",Ginger Rogers,1911,1995,"actress,soundtrack,archive_footage","tt0032671,tt0035019,tt0044916,tt0032946",32
tt0036427,1.0,nm0001362,Bob Hope,"tt0032520,tt0031143,tt0039645,tt0045094",40,2.0,nm0483787,They Got Me Covered,1943,Comedy,Dorothy Lamour,1914,1996,"actress,soundtrack,archive_footage","tt0092796,tt0032993,tt0057007,tt0039645",29
tt0036431,1.0,nm0001452,Charles Laughton,"tt0051201,tt0026752,tt0054331,tt0026955",44,2.0,nm0000058,This Land Is Mine,1943,"Drama,War",Maureen O'Hara,1920,2015,"actress,soundtrack,archive_footage","tt0045061,tt0039628,tt0055277,tt0033729",23
tt0036549,2.0,nm0338901,Richard Greene,"tt0031448,tt0031580,tt0042389,tt0064338",25,1.0,nm0623554,Yellow Canary,1943,"Drama,Thriller",Anna Neagle,1904,1986,"actress,producer,soundtrack","tt0039281,tt0043871,tt0029734,tt0032847",39
tt0036579,1.0,nm0001695,George Sanders,"tt0042192,tt0032976,tt0037988,tt0033873",38,2.0,nm0115597,Action in Arabia,1944,"Crime,Drama,Romance",Virginia Bruce,1910,1982,"actress,soundtrack,archive_footage","tt0032637,tt0027656,tt0032476,tt0032017",34
tt0036583,1.0,nm0114878,Wally Brown,"tt0038787,tt0038270,tt0037261,tt0036865",39,5.0,nm0485079,The Adventures of a Rookie,1943,Comedy,Margaret Landry,1922,2005,actress,"tt0036104,tt0035940,tt0036583",21
tt0036636,1.0,nm0000068,Randolph Scott,"tt0026942,tt0056412,tt0046375,tt0051047",46,2.0,nm0497346,Belle of the Yukon,1944,"Action,Musical,Romance",Gypsy Rose Lee,1911,1970,"actress,writer,soundtrack","tt0036636,tt0028566,tt0036384,tt0029902",33
tt0036671,1.0,nm0550701,Alan Marshal,"tt0051744,tt0027657,tt0033858,tt0031455",35,2.0,nm0206478,Bride by Mistake,1944,"Comedy,Drama,Romance",Laraine Day,1920,2007,"actress,soundtrack,archive_footage","tt0032484,tt0038700,tt0038164,tt0042049",24
tt0036699,1.0,nm0000011,Gary Cooper,"tt0044706,tt0034167,tt0035896,tt0027996",43,2.0,nm0942863,Casanova Brown,1944,"Comedy,Drama,Romance",Teresa Wright,1918,2005,"actress,soundtrack,archive_footage","tt0036342,tt0036868,tt0035093,tt0081534",26
tt0036733,2.0,nm0808949,Kent Smith,"tt0034587,tt0038975,tt0041386,tt0039666",37,1.0,nm0800386,The Curse of the Cat People,1944,"Drama,Horror,Mystery",Simone Simon,1911,2005,"actress,soundtrack,archive_footage","tt0034587,tt0036733,tt0037034,tt0029957",33
tt0036748,1.0,nm0000060,Gregory Peck,"tt0056592,tt0038109,tt0077269,tt0046250",28,2.0,nm0869565,Days of Glory,1944,"Drama,Romance,War",Tamara Toumanova,1919,1996,"actress,soundtrack,archive_footage","tt0061107,tt0066249,tt0036748,tt0046441",25
tt0036798,1.0,nm0692439,Eric Portman,"tt0036695,tt0039306,tt0061180,tt0049067",42,2.0,nm0245304,Escape to Danger,1943,"Action,Romance,Thriller",Ann Dvorak,1911,1979,"actress,miscellaneous,soundtrack","tt0023427,tt0028695,tt0026393,tt0023590",32
tt0036807,2.0,nm0107575,George Brent,"tt0031210,tt0024034,tt0031835,tt0040556",40,1.0,nm0001443,Experiment Perilous,1944,"Film-Noir,Romance,Thriller",Hedy Lamarr,1914,2000,"actress,producer,miscellaneous","tt0041838,tt0038990,tt0037769,tt0035460",30
tt0036809,1.0,nm0007218,Tom Conway,"tt0034587,tt0036027,tt0038518,tt0035856",40,2.0,nm0302347,The Falcon Out West,1944,"Crime,Drama,Film-Noir",Carole Gallagher,1923,1966,actress,"tt0036809,tt0040282",21
tt0036810,1.0,nm0007218,Tom Conway,"tt0034587,tt0036027,tt0038518,tt0035856",40,2.0,nm0354853,The Falcon in Hollywood,1944,"Crime,Drama,Film-Noir",Barbara Hale,1922,2017,"actress,soundtrack,archive_footage","tt0050051,tt0065377,tt0073043,tt0042046",22
tt0036811,1.0,nm0007218,Tom Conway,"tt0034587,tt0036027,tt0038518,tt0035856",40,2.0,nm0548056,The Falcon in Mexico,1944,"Crime,Film-Noir,Mystery",Mona Maris,1903,1991,"actress,soundtrack,archive_footage","tt0033517,tt0021215,tt0024466,tt0036811",41
tt0036864,1.0,nm0669433,Harold Peary,"tt0036864,tt0035940,tt0035941,tt0035307",36,4.0,nm0552744,Gildersleeve's Ghost,1944,"Adventure,Comedy,Fantasy",Marion Martin,1908,1985,"actress,soundtrack,archive_footage","tt0035061,tt0031619,tt0036094,tt0032273",36
tt0036865,1.0,nm0114878,Wally Brown,"tt0038787,tt0038270,tt0037261,tt0036865",40,3.0,nm0486387,Girl Rush,1944,"Comedy,Musical,Western",Frances Langford,1913,2005,"actress,music_department,writer","tt0029003,tt0028079,tt0026325,tt0033323",31
tt0036868,2.0,nm0000763,Dana Andrews,"tt0037008,tt0036868,tt0037691,tt0049949",37,1.0,nm0001485,The Best Years of Our Lives,1946,"Drama,Romance,War",Myrna Loy,1905,1993,"actress,soundtrack,archive_footage","tt0025878,tt0036868,tt0040613,tt0027260",41
tt0036871,1.0,nm0490713,Chester Lauck,"tt0035480,tt0033379,tt0049454,tt0032417",42,3.0,nm0354853,Goin' to Town,1944,Comedy,Barbara Hale,1922,2017,"actress,soundtrack,archive_footage","tt0050051,tt0065377,tt0073043,tt0042046",22
tt0036902,1.0,nm0430015,Jim Jordan,"tt0076618,tt0033850,tt0036902,tt0029663",48,2.0,nm0430090,Heavenly Days,1944,"Comedy,Romance",Marian Jordan,1898,1961,"actress,soundtrack,archive_footage","tt0036902,tt0033850,tt0029663,tt0034847",46
tt0036919,2.0,nm0355095,Jack Haley,"tt0032138,tt0039075,tt0038091,tt0037151",46,1.0,nm0006807,Higher and Higher,1943,"Comedy,Musical,Romance",Michèle Morgan,1920,2016,"actress,archive_footage,archive_sound","tt0039004,tt0030643,tt0040338,tt0038409",23
tt0036929,1.0,nm0000051,James Mason,"tt0056193,tt0053125,tt0047522,tt0084855",35,2.0,nm0543169,Hotel Reserve,1944,Thriller,Lucie Mannheim,1899,1976,"actress,writer,archive_footage","tt0026029,tt0250242,tt0058997,tt0037352",45
tt0037034,2.0,nm0256305,John Emery,"tt0038109,tt0038108,tt0042897,tt0050610",39,1.0,nm0800386,Mademoiselle Fifi,1944,"Drama,War",Simone Simon,1911,2005,"actress,soundtrack,archive_footage","tt0034587,tt0036733,tt0037034,tt0029957",33
tt0037048,1.0,nm0002285,Pat O'Brien,"tt0053291,tt0029870,tt0039772,tt0021890",45,3.0,nm0404046,Marine Raiders,1944,"Drama,War",Ruth Hussey,1911,2005,"actress,archive_footage,archive_sound","tt0032904,tt0037415,tt0032143,tt0033986",33
tt0037056,1.0,nm0183459,George Coulouris,"tt0033467,tt0071877,tt0036641,tt0040798",41,3.0,nm0535169,The Master Race,1944,"Drama,War",Osa Massen,1914,2006,"actress,miscellaneous,archive_footage","tt0034399,tt0042897,tt0038987,tt0036731",30
tt0037101,1.0,nm0694090,Dick Powell,"tt0037101,tt0037615,tt0044391,tt0040695",40,2.0,nm0872456,"Murder, My Sweet",1944,"Crime,Drama,Film-Noir",Claire Trevor,1910,2000,"actress,soundtrack,archive_footage","tt0040506,tt0031971,tt0037101,tt0028773",34
tt0037105,2.0,nm0206376,Dennis Day,"tt0037105,tt0032289,tt0045815,tt0040580",28,1.0,nm0794297,Music in Manhattan,1944,"Musical,Romance",Anne Shirley,1918,1993,"actress,soundtrack,archive_footage","tt0037101,tt0033532,tt0029608,tt0021074",26
tt0037111,4.0,nm0166477,George Cleveland,"tt0040271,tt0037989,tt0032420,tt0038300",59,1.0,nm0595643,My Pal Wolf,1944,"Adventure,Drama,Family",Sharyn Moffett,1936,2021,"actress,archive_footage","tt0040613,tt0037690,tt0038380,tt0038700",8
tt0037124,1.0,nm0000053,Robert Mitchum,"tt0039689,tt0048424,tt0056197,tt0050356",27,2.0,nm0420331,Nevada,1944,"Drama,Western",Anne Jeffreys,1923,2017,"actress,soundtrack,archive_footage","tt0039772,tt0037642,tt0037644,tt0038478",21
tt0037130,1.0,nm0007218,Tom Conway,"tt0034587,tt0036027,tt0038518,tt0035856",40,2.0,nm0518879,A Night of Adventure,1944,"Crime,Film-Noir,Mystery",Audrey Long,1922,2014,actress,"tt0039211,tt0037970,tt0037130,tt0039313",22
tt0037167,2.0,nm0646849,Gordon Oliver,"tt0038975,tt0030287,tt0030419,tt0028882",34,1.0,nm0006471,Passport to Destiny,1944,"Comedy,War",Elsa Lanchester,1902,1986,"actress,soundtrack,archive_footage","tt0051201,tt0074937,tt0026138,tt0058331",42
tt0037193,1.0,nm0001362,Bob Hope,"tt0032520,tt0031143,tt0039645,tt0045094",41,2.0,nm0562920,The Princess and the Pirate,1944,"Adventure,Comedy,Romance",Virginia Mayo,1920,2005,"actress,soundtrack,archive_footage","tt0042041,tt0036868,tt0040820,tt0043379",24
tt0037261,1.0,nm0114878,Wally Brown,"tt0038787,tt0038270,tt0037261,tt0036865",40,3.0,nm0570253,Seven Days Ashore,1944,"Comedy,Musical,Romance",Marcy McGuire,1926,2021,"actress,soundtrack,archive_footage","tt0036919,tt0038479,tt0035307,tt0038091",18
tt0037274,1.0,nm0134662,Eddie Cantor,"tt0025347,tt0023088,tt0032487,tt0036422",52,3.0,nm0204843,Show Business,1944,"Comedy,Musical,Romance",Joan Davis,1912,1961,"actress,producer,soundtrack","tt0033723,tt0037736,tt0036633,tt0036978",32
tt0037313,1.0,nm0579663,Adolphe Menjou,"tt0050825,tt0021890,tt0029606,tt0016935",54,4.0,nm0002038,Step Lively,1944,"Comedy,Music,Romance",Gloria DeHaven,1925,2016,"actress,soundtrack,archive_footage","tt0037365,tt0045702,tt0037408,tt0042589",19
tt0037343,1.0,nm0000078,John Wayne,"tt0065126,tt0056217,tt0075213,tt0053580",37,2.0,nm0707048,Tall in the Saddle,1944,Western,Ella Raines,1920,1988,"actress,soundtrack,archive_footage","tt0036260,tt0041503,tt0036891,tt0037330",24
tt0037420,1.0,nm0001414,Danny Kaye,"tt0056748,tt0047673,tt0049096,tt0052809",33,3.0,nm0794918,Up in Arms,1944,"Comedy,Musical",Dinah Shore,1916,1994,"actress,music_department,soundtrack","tt0043192,tt0036636,tt0070982,tt0418689",28
tt0037469,1.0,nm0000064,Edward G. Robinson,"tt0036775,tt0040506,tt0038991,tt0038057",51,2.0,nm0000910,The Woman in the Window,1944,"Crime,Drama,Film-Noir",Joan Bennett,1910,1990,"actress,soundtrack,archive_footage","tt0076786,tt0038057,tt0037469,tt0024264",34
tt0037476,2.0,nm0808949,Kent Smith,"tt0034587,tt0038975,tt0041386,tt0039666",37,1.0,nm0335748,Youth Runs Wild,1944,Drama,Bonita Granville,1923,1988,"producer,actress,director","tt0035140,tt0030442,tt0030491,tt0028356",21
tt0037508,1.0,nm0000011,Gary Cooper,"tt0044706,tt0034167,tt0035896,tt0027996",44,2.0,nm0949835,Along Came Jones,1945,"Comedy,Romance,Western",Loretta Young,1913,2000,"actress,producer,soundtrack","tt0038991,tt0039370,tt0024334,tt0032397",32
tt0037522,1.0,nm0000078,John Wayne,"tt0065126,tt0056217,tt0075213,tt0053580",38,3.0,nm0094135,Back to Bataan,1945,"Drama,War",Beulah Bondi,1889,1981,"actress,soundtrack,archive_footage","tt0038650,tt0031679,tt0029192,tt0034012",56
tt0037536,1.0,nm0001078,Bing Crosby,"tt0047673,tt0049314,tt0036872,tt0046874",42,2.0,nm0000006,The Bells of St. Mary's,1945,Drama,Ingrid Bergman,1915,1982,"actress,producer,soundtrack","tt0034583,tt0036855,tt0038109,tt0038787",30
tt0037538,1.0,nm0870543,Lee Tracy,"tt0024704,tt0057883,tt0023948,tt0023825",47,2.0,nm0446715,Betrayal from the East,1945,"Action,Drama",Nancy Kelly,1921,1995,"actress,soundtrack,archive_footage","tt0048977,tt0031507,tt0035795,tt0032873",24
tt0037549,1.0,nm0000472,Boris Karloff,"tt0026138,tt0023245,tt0024894,tt0023194",58,4.0,nm0041138,The Body Snatcher,1945,"Horror,Thriller",Edith Atwater,1911,1986,"actress,archive_footage","tt0051036,tt0065126,tt0037549,tt0074512",34
tt0037559,1.0,nm0517058,John Loder,"tt0033729,tt0035140,tt0028212,tt0029081",47,3.0,nm0243454,The Brighton Strangler,1945,"Crime,Drama,Film-Noir",June Duprez,1918,1984,"actress,soundtrack,archive_footage","tt0037135,tt0037515,tt0031334,tt0033152",27
tt0037593,1.0,nm0000068,Randolph Scott,"tt0026942,tt0056412,tt0046375,tt0051047",47,2.0,nm0913095,China Sky,1945,"Adventure,Drama,War",Ruth Warrick,1916,2005,"actress,miscellaneous,soundtrack","tt0033467,tt0065272,tt0038969,tt0057779",29
tt0037615,1.0,nm0694090,Dick Powell,"tt0037101,tt0037615,tt0044391,tt0040695",41,3.0,nm0154989,Cornered,1945,"Drama,Film-Noir,Thriller",Micheline Cheirel,1917,2002,actress,"tt0038958,tt0179249,tt0026564,tt0039283",28
tt0037642,1.0,nm0176747,Morgan Conway,"tt0037642,tt0038478,tt0036051,tt0032796",42,2.0,nm0420331,Dick Tracy,1945,"Action,Crime,Family",Anne Jeffreys,1923,2017,"actress,soundtrack,archive_footage","tt0039772,tt0037642,tt0037644,tt0038478",22
tt0037671,2.0,nm0001870,Robert Young,"tt0039286,tt0046600,tt0034923,tt0033686",38,1.0,nm0570192,The Enchanted Cottage,1945,"Drama,Fantasy,Romance",Dorothy McGuire,1916,2001,"actress,soundtrack,archive_footage","tt0039416,tt0050798,tt0053320,tt0054357",29
tt0037690,1.0,nm0007218,Tom Conway,"tt0034587,tt0036027,tt0038518,tt0035856",41,2.0,nm0179411,The Falcon in San Francisco,1945,"Crime,Film-Noir,Mystery",Paula Corday,1920,1992,"actress,archive_footage","tt0039360,tt0037690,tt0038478,tt0045345",25
tt0037735,1.0,nm0114878,Wally Brown,"tt0038787,tt0038270,tt0037261,tt0036865",42,3.0,nm0420331,Genius at Work,1946,"Comedy,Crime",Anne Jeffreys,1923,2017,"actress,soundtrack,archive_footage","tt0039772,tt0037642,tt0037644,tt0038478",23
tt0037736,2.0,nm0355095,Jack Haley,"tt0032138,tt0039075,tt0038091,tt0037151",48,1.0,nm0204843,George White's Scandals,1945,"Comedy,Music",Joan Davis,1912,1961,"actress,producer,soundtrack","tt0033723,tt0037736,tt0036633,tt0036978",33
tt0037748,1.0,nm0692439,Eric Portman,"tt0036695,tt0039306,tt0061180,tt0049067",44,2.0,nm0733460,Great Day,1945,Drama,Flora Robson,1902,1984,"actress,soundtrack,archive_footage","tt0082186,tt0039192,tt0038053,tt0033028",43
tt0037767,1.0,nm0002285,Pat O'Brien,"tt0053291,tt0029870,tt0039772,tt0021890",46,3.0,nm0484808,Having Wonderful Crime,1945,Mystery,Carole Landis,1919,1948,"actress,writer,soundtrack","tt0033740,tt0038908,tt0034303,tt0034115",26
tt0037820,1.0,nm0000472,Boris Karloff,"tt0026138,tt0023245,tt0024894,tt0023194",58,2.0,nm0237655,Isle of the Dead,1945,"Drama,Horror,Mystery",Ellen Drew,1914,2003,"actress,soundtrack,archive_footage","tt0032338,tt0037820,tt0033916,tt0042229",31
tt0037822,2.0,nm0642671,Michael O'Shea,"tt0036094,tt0041179,tt0041963,tt0041733",39,1.0,nm0377012,It's a Pleasure,1945,"Comedy,Drama,Musical",Sonja Henie,1912,1969,"actress,writer,producer","tt0034241,tt0040251,tt0037822,tt0029659",33
tt0037832,1.0,nm0706368,George Raft,"tt0053291,tt0033149,tt0023427,tt0037832",44,2.0,nm0872456,Johnny Angel,1945,"Crime,Drama,Film-Noir",Claire Trevor,1910,2000,"actress,soundtrack,archive_footage","tt0040506,tt0031971,tt0037101,tt0028773",35
tt0037891,1.0,nm0259816,Leon Errol,"tt0031641,tt0031370,tt0035061,tt0036959",64,2.0,nm0728230,Mama Loves Papa,1945,Comedy,Elisabeth Risdon,1888,1958,"actress,soundtrack,archive_footage","tt0032181,tt0033717,tt0031641,tt0045125",57
tt0037892,1.0,nm0002285,Pat O'Brien,"tt0053291,tt0029870,tt0039772,tt0021890",46,3.0,nm0237655,Man Alive,1945,Comedy,Ellen Drew,1914,2003,"actress,soundtrack,archive_footage","tt0032338,tt0037820,tt0033916,tt0042229",31
tt0037970,1.0,nm0856062,Phillip Terry,"tt0037884,tt0039815,tt0039211,tt0054020",36,2.0,nm0518879,Pan-Americana,1945,"Comedy,Musical,Romance",Audrey Long,1922,2014,actress,"tt0039211,tt0037970,tt0037130,tt0039313",23
tt0037981,1.0,nm0000784,Pedro Armendáriz,"tt0057076,tt0040369,tt0040064,tt0037981",35,2.0,nm0549773,The Pearl,1947,"Adventure,Drama,Romance",María Elena Marqués,1926,2008,"actress,miscellaneous,soundtrack","tt0037981,tt0174157,tt0218358,tt0055337",21
tt0038012,1.0,nm0114878,Wally Brown,"tt0038787,tt0038270,tt0037261,tt0036865",41,3.0,nm0486387,Radio Stars on Parade,1945,"Comedy,Music,Romance",Frances Langford,1913,2005,"actress,music_department,writer","tt0029003,tt0028079,tt0026325,tt0033323",32
tt0038091,1.0,nm0355095,Jack Haley,"tt0032138,tt0039075,tt0038091,tt0037151",48,2.0,nm0570253,Sing Your Way Home,1945,"Comedy,Music,Romance",Marcy McGuire,1926,2021,"actress,soundtrack,archive_footage","tt0036919,tt0038479,tt0035307,tt0038091",19
tt0038108,1.0,nm0002134,Paul Henreid,"tt0034583,tt0040444,tt0076009,tt0035140",37,2.0,nm0000058,The Spanish Main,1945,"Adventure,Drama,Romance",Maureen O'Hara,1920,2015,"actress,soundtrack,archive_footage","tt0045061,tt0039628,tt0055277,tt0033729",25
tt0038151,1.0,nm0919321,Johnny Weissmuller,"tt0023551,tt0035419,tt0042311,tt0036414",41,2.0,nm0431502,Tarzan and the Amazons,1945,"Action,Adventure",Brenda Joyce,1917,2009,"actress,archive_footage","tt0031835,tt0038151,tt0039011,tt0037989",28
tt0038164,1.0,nm0001870,Robert Young,"tt0039286,tt0046600,tt0034923,tt0033686",38,2.0,nm0206478,Those Endearing Young Charms,1945,"Adventure,Comedy,Drama",Laraine Day,1920,2007,"actress,soundtrack,archive_footage","tt0032484,tt0038700,tt0038164,tt0042049",25
tt0038166,4.0,nm0001359,Sterling Holloway,"tt0076363,tt0061852,tt0043274,tt0065421",39,1.0,nm0592058,The Three Caballeros,1944,"Animation,Comedy,Family",Aurora Miranda,1915,2005,"actress,soundtrack,archive_footage","tt0036260,tt0026063,tt0031076,tt0027278",29
tt0038199,1.0,nm0007218,Tom Conway,"tt0034587,tt0036027,tt0038518,tt0035856",41,2.0,nm0751946,Two O'Clock Courage,1945,"Crime,Drama,Film-Noir",Ann Rutherford,1917,2012,"actress,soundtrack,archive_footage","tt0031381,tt0031517,tt0034389,tt0035552",28
tt0038237,1.0,nm0912861,James Warren,"tt0038237,tt0039271,tt0038479,tt0038996",32,3.0,nm0518879,Wanderer of the Wasteland,1945,Western,Audrey Long,1922,2014,actress,"tt0039211,tt0037970,tt0037130,tt0039313",23
tt0038241,1.0,nm0000053,Robert Mitchum,"tt0039689,tt0048424,tt0056197,tt0050356",28,2.0,nm0354853,West of the Pecos,1945,Western,Barbara Hale,1922,2017,"actress,soundtrack,archive_footage","tt0050051,tt0065377,tt0073043,tt0042046",23
tt0038244,1.0,nm0259816,Leon Errol,"tt0031641,tt0031370,tt0035061,tt0036959",64,4.0,nm0727026,What a Blonde,1945,"Comedy,Romance",Elaine Riley,1917,2015,"actress,archive_footage","tt0047739,tt0040339,tt0040793,tt0040837",28
tt0038260,1.0,nm0001414,Danny Kaye,"tt0056748,tt0047673,tt0049096,tt0052809",34,3.0,nm0562920,Wonder Man,1945,"Comedy,Fantasy,Musical",Virginia Mayo,1920,2005,"actress,soundtrack,archive_footage","tt0042041,tt0036868,tt0040820,tt0043379",25
tt0038270,1.0,nm0114878,Wally Brown,"tt0038787,tt0038270,tt0037261,tt0036865",41,4.0,nm0420331,Zombies on Broadway,1945,"Comedy,Fantasy,Horror",Anne Jeffreys,1923,2017,"actress,soundtrack,archive_footage","tt0039772,tt0037642,tt0037644,tt0038478",22
tt0038321,1.0,nm0000068,Randolph Scott,"tt0026942,tt0056412,tt0046375,tt0051047",48,2.0,nm0723954,Badman's Territory,1946,Western,Ann Richards,1917,2006,"actress,archive_footage","tt0040823,tt0039586,tt0037885,tt0038321",29
tt0038324,2.0,nm0250287,Ralph Edwards,"tt0081916,tt0039177,tt0038324,tt1270746",33,1.0,nm0486387,The Bamboo Blonde,1946,"Music,Romance,War",Frances Langford,1913,2005,"actress,music_department,writer","tt0029003,tt0028079,tt0026325,tt0033323",33
tt0038343,1.0,nm0000472,Boris Karloff,"tt0026138,tt0023245,tt0024894,tt0023194",59,2.0,nm0496819,Bedlam,1946,"Drama,Horror,Thriller",Anna Lee,1913,2004,"actress,soundtrack,archive_footage","tt0059742,tt0056687,tt0056758,tt0033729",33
tt0038411,2.0,nm0867538,Regis Toomey,"tt0038355,tt0032599,tt0048140,tt0038109",48,1.0,nm0595643,Child of Divorce,1946,Drama,Sharyn Moffett,1936,2021,"actress,archive_footage","tt0040613,tt0037690,tt0038380,tt0038700",10
tt0038429,1.0,nm0002285,Pat O'Brien,"tt0053291,tt0029870,tt0039772,tt0021890",47,2.0,nm0872456,Crack-Up,1946,"Crime,Drama,Film-Noir",Claire Trevor,1910,2000,"actress,soundtrack,archive_footage","tt0040506,tt0031971,tt0037101,tt0028773",36
tt0038434,1.0,nm0007218,Tom Conway,"tt0034587,tt0036027,tt0038518,tt0035856",42,2.0,nm0640930,Criminal Court,1946,"Crime,Drama",Martha O'Driscoll,1922,1998,"actress,soundtrack,archive_footage","tt0037793,tt0038203,tt0038364,tt0038490",24
tt0038458,2.0,nm0510134,Paul Lukas,"tt0036515,tt0046672,tt0030341,tt0026187",51,1.0,nm0001333,Deadline at Dawn,1946,"Crime,Film-Noir,Mystery",Susan Hayward,1917,1975,"actress,soundtrack,archive_footage","tt0045333,tt0051758,tt0048191,tt0041672",29
tt0038478,1.0,nm0176747,Morgan Conway,"tt0037642,tt0038478,tt0036051,tt0032796",43,2.0,nm0420331,Dick Tracy vs. Cueball,1946,"Action,Crime,Family",Anne Jeffreys,1923,2017,"actress,soundtrack,archive_footage","tt0039772,tt0037642,tt0037644,tt0038478",23
tt0038479,1.0,nm0894669,Glen Vernon,"tt0108174,tt0038479,tt0041503,tt0038343",23,2.0,nm0570253,Ding Dong Williams,1946,"Comedy,Music,Romance",Marcy McGuire,1926,2021,"actress,soundtrack,archive_footage","tt0036919,tt0038479,tt0035307,tt0038091",20
tt0038518,1.0,nm0007218,Tom Conway,"tt0034587,tt0036027,tt0038518,tt0035856",42,2.0,nm0557555,The Falcon's Adventure,1946,"Film-Noir,Mystery",Madge Meredith,1921,2017,"actress,archive_footage","tt0038518,tt0043169,tt0051311,tt0038411",25
tt0038519,1.0,nm0007218,Tom Conway,"tt0034587,tt0036027,tt0038518,tt0035856",42,2.0,nm0179411,The Falcon's Alibi,1946,"Adventure,Crime,Drama",Paula Corday,1920,1992,"actress,archive_footage","tt0039360,tt0037690,tt0038478,tt0045345",26
tt0038537,2.0,nm0828594,Mark Stevens,"tt0042242,tt0038453,tt0040806,tt0049857",30,1.0,nm0000021,From This Day Forward,1946,"Drama,Mystery,Romance",Joan Fontaine,1917,2013,"actress,producer,soundtrack","tt0034248,tt0032976,tt0035751,tt0036969",29
tt0038549,1.0,nm0517058,John Loder,"tt0033729,tt0035140,tt0028212,tt0029081",47,2.0,nm0518879,A Game of Death,1945,Adventure,Audrey Long,1922,2014,actress,"tt0039211,tt0037970,tt0037130,tt0039313",23
tt0038592,2.0,nm0001922,Jean-Pierre Aumont,"tt0046000,tt0070460,tt0038592,tt0035651",35,1.0,nm0001677,Heartbeat,1946,"Comedy,Drama,Romance",Ginger Rogers,1911,1995,"actress,soundtrack,archive_footage","tt0032671,tt0035019,tt0044916,tt0032946",35
tt0038650,1.0,nm0000071,James Stewart,"tt0052357,tt0052561,tt0032904,tt0038650",38,2.0,nm0001656,It's a Wonderful Life,1946,"Drama,Family,Fantasy",Donna Reed,1921,1986,"actress,soundtrack,archive_footage","tt0038650,tt0045793,tt0051267,tt0049005",25
tt0038668,1.0,nm0001414,Danny Kaye,"tt0056748,tt0047673,tt0049096,tt0052809",35,2.0,nm0562920,The Kid from Brooklyn,1946,"Comedy,Sport",Virginia Mayo,1920,2005,"actress,soundtrack,archive_footage","tt0042041,tt0036868,tt0040820,tt0043379",26
tt0038680,1.0,nm0001870,Robert Young,"tt0039286,tt0046600,tt0034923,tt0033686",39,2.0,nm0354853,Lady Luck,1946,"Comedy,Drama",Barbara Hale,1922,2017,"actress,soundtrack,archive_footage","tt0050051,tt0065377,tt0073043,tt0042046",24
tt0038700,2.0,nm0000053,Robert Mitchum,"tt0039689,tt0048424,tt0056197,tt0050356",29,1.0,nm0206478,The Locket,1946,"Crime,Drama,Film-Noir",Laraine Day,1920,2007,"actress,soundtrack,archive_footage","tt0032484,tt0038700,tt0038164,tt0042049",26
tt0038718,1.0,nm0248904,Nelson Eddy,"tt0031565,tt0036261,tt0026768,tt0031074",45,4.0,nm0794918,Make Mine Music,1946,"Adventure,Animation,Comedy",Dinah Shore,1916,1994,"actress,music_department,soundtrack","tt0043192,tt0036636,tt0070982,tt0418689",30
tt0038782,1.0,nm0706368,George Raft,"tt0053291,tt0033149,tt0023427,tt0037832",45,2.0,nm0054609,Nocturne,1946,"Crime,Drama,Film-Noir",Lynn Bari,1919,1989,"actress,soundtrack,archive_footage","tt0036672,tt0034716,tt0029899,tt0038782",27
tt0038787,1.0,nm0000026,Cary Grant,"tt0053125,tt0056923,tt0034248,tt0053143",42,2.0,nm0000006,Notorious,1946,"Drama,Film-Noir,Romance",Ingrid Bergman,1915,1982,"actress,producer,soundtrack","tt0034583,tt0036855,tt0038109,tt0038787",31
tt0038827,1.0,nm0490713,Chester Lauck,"tt0035480,tt0033379,tt0049454,tt0032417",44,3.0,nm0086680,Partners in Time,1946,"Comedy,Drama",Pamela Blake,1915,2009,"actress,soundtrack,archive_footage","tt0035432,tt0039782,tt0042532,tt0031371",31
tt0038886,1.0,nm0259816,Leon Errol,"tt0031641,tt0031370,tt0035061,tt0036959",65,6.0,nm0628536,Riverboat Rhythm,1946,"Comedy,Music,Romance",Joan Newton,1921,2012,actress,"tt0038343,tt0038886",25
tt0038905,1.0,nm0862937,Lawrence Tierney,"tt0105236,tt0040178,tt0110216,tt0090021",27,2.0,nm0139792,San Quentin,1946,"Crime,Drama,Romance",Marian Carr,1925,2003,actress,"tt0048261,tt0049553,tt0039317,tt0049363",21
tt0038948,2.0,nm0461594,Alexander Knox,"tt0037465,tt0056197,tt0059065,tt0040785",39,1.0,nm0751426,Sister Kenny,1946,"Biography,Drama",Rosalind Russell,1907,1976,"actress,writer,soundtrack","tt0051383,tt0032599,tt0056048,tt0032143",39
tt0038969,2.0,nm0237985,Bobby Driscoll,"tt0046183,tt0042046,tt0038969,tt0043067",9,1.0,nm0913095,Song of the South,1946,"Animation,Comedy,Family",Ruth Warrick,1916,2005,"actress,miscellaneous,soundtrack","tt0033467,tt0065272,tt0038969,tt0057779",30
tt0038975,2.0,nm0107575,George Brent,"tt0031210,tt0024034,tt0031835,tt0040556",42,1.0,nm0570192,The Spiral Staircase,1946,"Drama,Horror,Mystery",Dorothy McGuire,1916,2001,"actress,soundtrack,archive_footage","tt0039416,tt0050798,tt0053320,tt0054357",30
tt0038982,1.0,nm0862937,Lawrence Tierney,"tt0105236,tt0040178,tt0110216,tt0090021",27,2.0,nm0420331,Step by Step,1946,"Crime,Drama,Film-Noir",Anne Jeffreys,1923,2017,"actress,soundtrack,archive_footage","tt0039772,tt0037642,tt0037644,tt0038478",23
tt0038991,1.0,nm0000080,Orson Welles,"tt0033467,tt0052311,tt0040525,tt0057427",31,3.0,nm0949835,The Stranger,1946,"Crime,Drama,Film-Noir",Loretta Young,1913,2000,"actress,producer,soundtrack","tt0038991,tt0039370,tt0024334,tt0032397",33
tt0038996,1.0,nm0912861,James Warren,"tt0038237,tt0039271,tt0038479,tt0038996",33,2.0,nm0504160,Sunset Pass,1946,Western,Nan Leslie,1926,2000,"actress,stunts,soundtrack","tt0047748,tt0038996,tt0040956,tt0053742",20
tt0039011,1.0,nm0919321,Johnny Weissmuller,"tt0023551,tt0035419,tt0042311,tt0036414",42,2.0,nm0431502,Tarzan and the Leopard Woman,1946,"Action,Adventure,Romance",Brenda Joyce,1917,2009,"actress,archive_footage","tt0031835,tt0038151,tt0039011,tt0037989",29
tt0039036,2.0,nm0000053,Robert Mitchum,"tt0039689,tt0048424,tt0056197,tt0050356",29,1.0,nm0570192,Till the End of Time,1946,"Drama,Romance,War",Dorothy McGuire,1916,2001,"actress,soundtrack,archive_footage","tt0039416,tt0050798,tt0053320,tt0054357",30
tt0039041,2.0,nm0000080,Orson Welles,"tt0033467,tt0052311,tt0040525,tt0057427",31,1.0,nm0001055,Tomorrow Is Forever,1946,"Drama,Romance,War",Claudette Colbert,1903,1996,"actress,soundtrack,archive_footage","tt0025316,tt0036367,tt0029929,tt0037280",43
tt0039050,2.0,nm0176747,Morgan Conway,"tt0037642,tt0038478,tt0036051,tt0032796",43,1.0,nm0335748,The Truth About Murder,1946,"Comedy,Film-Noir,Mystery",Bonita Granville,1923,1988,"producer,actress,director","tt0035140,tt0030442,tt0030491,tt0028356",23
tt0039075,1.0,nm0355095,Jack Haley,"tt0032138,tt0039075,tt0038091,tt0037151",49,2.0,nm0420331,Vacation in Reno,1946,"Action,Comedy,Romance",Anne Jeffreys,1923,2017,"actress,soundtrack,archive_footage","tt0039772,tt0037642,tt0037644,tt0038478",23
tt0039110,2.0,nm0000078,John Wayne,"tt0065126,tt0056217,tt0075213,tt0053580",39,1.0,nm0001055,Without Reservations,1946,"Comedy,Romance",Claudette Colbert,1903,1996,"actress,soundtrack,archive_footage","tt0025316,tt0036367,tt0029929,tt0037280",43
tt0039169,1.0,nm0000026,Cary Grant,"tt0053125,tt0056923,tt0034248,tt0053143",43,2.0,nm0001485,The Bachelor and the Bobby-Soxer,1947,"Comedy,Romance",Myrna Loy,1905,1993,"actress,soundtrack,archive_footage","tt0025878,tt0036868,tt0040613,tt0027260",42
tt0039174,3.0,nm0715748,Walter Reed,"tt0043546,tt0051746,tt0044091,tt0052520",31,1.0,nm0595643,Banjo,1947,"Drama,Family",Sharyn Moffett,1936,2021,"actress,archive_footage","tt0040613,tt0037690,tt0038380,tt0038700",11
tt0039177,2.0,nm0250287,Ralph Edwards,"tt0081916,tt0039177,tt0038324,tt1270746",34,1.0,nm0486387,Beat the Band,1947,Musical,Frances Langford,1913,2005,"actress,music_department,writer","tt0029003,tt0028079,tt0026325,tt0033323",34
tt0039190,1.0,nm0000026,Cary Grant,"tt0053125,tt0056923,tt0034248,tt0053143",43,2.0,nm0949835,The Bishop's Wife,1947,"Comedy,Drama,Fantasy",Loretta Young,1913,2000,"actress,producer,soundtrack","tt0038991,tt0039370,tt0024334,tt0032397",34
tt0039211,2.0,nm0862937,Lawrence Tierney,"tt0105236,tt0040178,tt0110216,tt0090021",28,1.0,nm0872456,Born to Kill,1947,"Crime,Drama,Film-Noir",Claire Trevor,1910,2000,"actress,soundtrack,archive_footage","tt0040506,tt0031971,tt0037101,tt0028773",37
tt0039286,1.0,nm0001870,Robert Young,"tt0039286,tt0046600,tt0034923,tt0033686",40,4.0,nm0002108,Crossfire,1947,"Crime,Drama,Film-Noir",Gloria Grahame,1923,1981,"actress,soundtrack,archive_footage","tt0042593,tt0045555,tt0038650,tt0044391",24
tt0039313,1.0,nm0110917,Steve Brodie,"tt0039689,tt0046816,tt0041179,tt0039313",28,2.0,nm0518879,Desperate,1947,"Crime,Film-Noir,Thriller",Audrey Long,1922,2014,actress,"tt0039211,tt0037970,tt0037130,tt0039313",25
tt0039317,1.0,nm0862937,Lawrence Tierney,"tt0105236,tt0040178,tt0110216,tt0090021",28,3.0,nm0504160,The Devil Thumbs a Ride,1947,"Crime,Drama,Film-Noir",Nan Leslie,1926,2000,"actress,stunts,soundtrack","tt0047748,tt0038996,tt0040956,tt0053742",21
tt0039320,1.0,nm0000472,Boris Karloff,"tt0026138,tt0023245,tt0024894,tt0023194",60,3.0,nm0350374,Dick Tracy Meets Gruesome,1947,"Action,Crime,Drama",Anne Gwynne,1918,2003,"actress,soundtrack,archive_footage","tt0036931,tt0037302,tt0039320,tt0041133",29
tt0039321,1.0,nm0126049,Ralph Byrd,"tt0029508,tt0034928,tt0028785,tt0039320",38,3.0,nm0160595,Dick Tracy's Dilemma,1947,"Action,Crime,Drama",Kay Christopher,1926,2012,"actress,archive_footage","tt0039321,tt0041906,tt0125761,tt0040708",21
tt0039370,2.0,nm0001072,Joseph Cotten,"tt0041959,tt0033467,tt0036855,tt0035015",42,1.0,nm0949835,The Farmer's Daughter,1947,"Comedy,Drama,Romance",Loretta Young,1913,2000,"actress,producer,soundtrack","tt0038991,tt0039370,tt0024334,tt0032397",34
tt0039402,1.0,nm0000020,Henry Fonda,"tt0050083,tt0082846,tt0032551,tt0051207",42,2.0,nm0003123,The Fugitive,1947,"Drama,History",Dolores Del Río,1904,1983,"actress,soundtrack,archive_footage","tt0036577,tt0024025,tt0022689,tt0019489",43
tt0039404,1.0,nm0001944,Edgar Bergen,"tt0039404,tt0079588,tt0030359,tt0037297",44,4.0,nm0794918,Fun and Fancy Free,1947,"Adventure,Animation,Comedy",Dinah Shore,1916,1994,"actress,music_department,soundtrack","tt0043192,tt0036636,tt0070982,tt0418689",31
tt0039472,2.0,nm0867144,Franchot Tone,"tt0026261,tt0026752,tt0040457,tt0028330",42,1.0,nm0000073,Honeymoon,1947,Comedy,Shirley Temple,1928,2014,"actress,writer,miscellaneous","tt0016029,tt0030657,tt0024914,tt0031580",19
tt0039568,1.0,nm0930103,Bill Williams,"tt0045177,tt0041252,tt0048159,tt0038458",32,2.0,nm0354853,A Likely Story,1947,Comedy,Barbara Hale,1922,2017,"actress,soundtrack,archive_footage","tt0050051,tt0065377,tt0073043,tt0042046",25
tt0039581,1.0,nm0000020,Henry Fonda,"tt0050083,tt0082846,tt0032551,tt0051207",42,2.0,nm0000895,The Long Night,1947,"Drama,Film-Noir",Barbara Bel Geddes,1922,2005,"actress,soundtrack,archive_footage","tt0052357,tt0077000,tt0042832,tt0040221",25
tt0039595,1.0,nm0000071,James Stewart,"tt0052357,tt0052561,tt0032904,tt0038650",39,2.0,nm0943837,Magic Town,1947,"Comedy,Romance",Jane Wyman,1917,2007,"actress,writer,producer","tt0081858,tt0043350,tt0047811,tt0037884",30
tt0039636,2.0,nm0714878,Michael Redgrave,"tt0030341,tt0043362,tt0039636,tt0055018",39,1.0,nm0751426,Mourning Becomes Electra,1947,Drama,Rosalind Russell,1907,1976,"actress,writer,soundtrack","tt0051383,tt0032599,tt0056048,tt0032143",40
tt0039659,1.0,nm0000763,Dana Andrews,"tt0037008,tt0036868,tt0037691,tt0049949",38,2.0,nm0643353,Night Song,1947,"Drama,Music,Romance",Merle Oberon,1911,1979,"actress,writer,producer","tt0032145,tt0037024,tt0034274,tt0025748",36
tt0039689,1.0,nm0000053,Robert Mitchum,"tt0039689,tt0048424,tt0056197,tt0050356",30,2.0,nm0339452,Out of the Past,1947,"Crime,Drama,Film-Noir",Jane Greer,1924,2001,"actress,soundtrack,archive_footage","tt0039689,tt0041178,tt0045053,tt0040835",23
tt0039808,1.0,nm0001414,Danny Kaye,"tt0056748,tt0047673,tt0049096,tt0052809",36,2.0,nm0562920,The Secret Life of Walter Mitty,1947,"Comedy,Fantasy,Romance",Virginia Mayo,1920,2005,"actress,soundtrack,archive_footage","tt0042041,tt0036868,tt0040820,tt0043379",27
tt0039815,1.0,nm0856062,Phillip Terry,"tt0037884,tt0039815,tt0039211,tt0054020",38,2.0,nm0924916,Seven Keys to Baldpate,1947,"Mystery,Romance,Thriller",Jacqueline White,1922,\N,"actress,archive_footage,archive_sound","tt0044954,tt0038938,tt0036407,tt0039659",25
tt0039823,1.0,nm0002001,Maurice Chevalier,"tt0051658,tt0025493,tt0020112,tt0050658",59,3.0,nm0220605,Man About Town,1947,"Comedy,Drama,Romance",Marcelle Derrien,1923,2008,"actress,archive_footage","tt0142401,tt0039823,tt2704794,tt0155626",24
tt0039842,1.0,nm0590055,John Mills,"tt0038574,tt0060395,tt0066319,tt0047094",39,2.0,nm0779549,So Well Remembered,1947,"Drama,Mystery,Romance",Martha Scott,1912,2003,"actress,producer,archive_footage","tt0049833,tt0052618,tt0032881,tt0033459",35
tt0039887,1.0,nm0919321,Johnny Weissmuller,"tt0023551,tt0035419,tt0042311,tt0036414",43,2.0,nm0431502,Tarzan and the Huntress,1947,"Action,Adventure,Romance",Brenda Joyce,1917,2009,"actress,archive_footage","tt0031835,tt0038151,tt0039011,tt0037989",30
tt0039896,1.0,nm0001870,Robert Young,"tt0039286,tt0046600,tt0034923,tt0033686",40,2.0,nm0001333,They Won't Believe Me,1947,"Drama,Film-Noir,Romance",Susan Hayward,1917,1975,"actress,soundtrack,archive_footage","tt0045333,tt0051758,tt0048191,tt0041672",30
tt0039901,1.0,nm0392529,Tim Holt,"tt0035015,tt0040897,tt0038762,tt0031971",28,2.0,nm0405054,Thunder Mountain,1947,Western,Martha Hyer,1924,2014,"actress,writer,soundtrack","tt0059740,tt0052218,tt0047437,tt0051745",23
tt0039908,1.0,nm0000068,Randolph Scott,"tt0026942,tt0056412,tt0046375,tt0051047",49,3.0,nm0420331,Trail Street,1947,Western,Anne Jeffreys,1923,2017,"actress,soundtrack,archive_footage","tt0039772,tt0037642,tt0037644,tt0038478",24
tt0039927,1.0,nm0000078,John Wayne,"tt0065126,tt0056217,tt0075213,tt0053580",40,2.0,nm0206478,Tycoon,1947,"Adventure,Drama,Romance",Laraine Day,1920,2007,"actress,soundtrack,archive_footage","tt0032484,tt0038700,tt0038164,tt0042049",27
tt0039934,1.0,nm0392529,Tim Holt,"tt0035015,tt0040897,tt0038762,tt0031971",28,2.0,nm0504160,Under the Tonto Rim,1947,Western,Nan Leslie,1926,2000,"actress,stunts,soundtrack","tt0047748,tt0038996,tt0040956,tt0053742",21
tt0040000,2.0,nm0752813,Robert Ryan,"tt0065214,tt0061578,tt0070212,tt0047849",38,1.0,nm0000910,The Woman on the Beach,1947,"Crime,Drama,Film-Noir",Joan Bennett,1910,1990,"actress,soundtrack,archive_footage","tt0076786,tt0038057,tt0037469,tt0024264",37
tt0040113,1.0,nm0392529,Tim Holt,"tt0035015,tt0040897,tt0038762,tt0031971",29,3.0,nm0504160,The Arizona Ranger,1948,"Drama,Western",Nan Leslie,1926,2000,"actress,stunts,soundtrack","tt0047748,tt0038996,tt0040956,tt0053742",22
tt0040155,2.0,nm0752813,Robert Ryan,"tt0065214,tt0061578,tt0070212,tt0047849",39,1.0,nm0643353,Berlin Express,1948,"Crime,Drama,Film-Noir",Merle Oberon,1911,1979,"actress,writer,producer","tt0032145,tt0037024,tt0034274,tt0025748",37
tt0040175,1.0,nm0000053,Robert Mitchum,"tt0039689,tt0048424,tt0056197,tt0050356",31,2.0,nm0000895,Blood on the Moon,1948,"Drama,Western",Barbara Bel Geddes,1922,2005,"actress,soundtrack,archive_footage","tt0052357,tt0077000,tt0042832,tt0040221",26
tt0040178,1.0,nm0862937,Lawrence Tierney,"tt0105236,tt0040178,tt0110216,tt0090021",29,2.0,nm0485509,Bodyguard,1948,"Crime,Drama,Film-Noir",Priscilla Lane,1915,1995,"actress,soundtrack,archive_footage","tt0036613,tt0035279,tt0033409,tt0031867",33
tt0040321,1.0,nm0000057,David Niven,"tt0074937,tt0052182,tt0057413,tt0048960",38,2.0,nm0942863,Enchantment,1948,"Drama,Romance",Teresa Wright,1918,2005,"actress,soundtrack,archive_footage","tt0036342,tt0036868,tt0035093,tt0081534",30
tt0040331,1.0,nm0000026,Cary Grant,"tt0053125,tt0056923,tt0034248,tt0053143",44,2.0,nm0236860,Every Girl Should Be Married,1948,"Comedy,Drama,Romance",Betsy Drake,1923,2015,"actress,writer,soundtrack","tt0040331,tt0045102,tt0044013,tt0051196",25
tt0040355,1.0,nm0002285,Pat O'Brien,"tt0053291,tt0029870,tt0039772,tt0021890",49,4.0,nm0640547,Fighting Father Dunne,1948,"Action,Biography,Crime",Una O'Connor,1880,1959,"actress,soundtrack,archive_footage","tt0026138,tt0051201,tt0024184,tt0029843",68
tt0040369,1.0,nm0000078,John Wayne,"tt0065126,tt0056217,tt0075213,tt0053580",41,3.0,nm0000073,Fort Apache,1948,"Drama,Western",Shirley Temple,1928,2014,"actress,writer,miscellaneous","tt0016029,tt0030657,tt0024914,tt0031580",20
tt0040395,1.0,nm0000011,Gary Cooper,"tt0044706,tt0034167,tt0035896,tt0027996",47,2.0,nm0792130,Good Sam,1948,"Comedy,Drama,Romance",Ann Sheridan,1915,1967,"actress,producer,soundtrack","tt0034946,tt0033149,tt0039666,tt0037273",33
tt0040409,1.0,nm0392529,Tim Holt,"tt0035015,tt0040897,tt0038762,tt0031971",29,3.0,nm0405054,Gun Smugglers,1948,"Drama,Western",Martha Hyer,1924,2014,"actress,writer,soundtrack","tt0059740,tt0052218,tt0047437,tt0051745",24
tt0040411,1.0,nm0392529,Tim Holt,"tt0035015,tt0040897,tt0038762,tt0031971",29,2.0,nm0504160,Guns of Hate,1948,"Drama,Western",Nan Leslie,1926,2000,"actress,stunts,soundtrack","tt0047748,tt0038996,tt0040956,tt0053742",22
tt0040458,3.0,nm0393028,Oscar Homolka,"tt0048605,tt0049934,tt0040458,tt0033373",50,1.0,nm0002050,I Remember Mama,1948,"Drama,Family",Irene Dunne,1898,1990,"actress,soundtrack,archive_footage","tt0028597,tt0031593,tt0040458,tt0029284",50
tt0040464,1.0,nm0134662,Eddie Cantor,"tt0025347,tt0023088,tt0032487,tt0036422",56,2.0,nm0204843,If You Knew Susie,1948,Comedy,Joan Davis,1912,1961,"actress,producer,soundtrack","tt0033723,tt0037736,tt0036633,tt0036978",36
tt0040470,1.0,nm0392529,Tim Holt,"tt0035015,tt0040897,tt0038762,tt0031971",29,4.0,nm0504160,Indian Agent,1948,"Drama,Western",Nan Leslie,1926,2000,"actress,stunts,soundtrack","tt0047748,tt0038996,tt0040956,tt0053742",22
tt0040491,2.0,nm0001207,José Ferrer,"tt0046816,tt0087182,tt0042367,tt0044926",36,1.0,nm0000006,Joan of Arc,1948,"Biography,Drama,War",Ingrid Bergman,1915,1982,"actress,producer,soundtrack","tt0034583,tt0036855,tt0038109,tt0038787",33
tt0040580,1.0,nm0001678,Roy Rogers,"tt0036725,tt1409024,tt0037018,tt0037535",37,7.0,nm0028739,Melody Time,1948,"Animation,Comedy,Family",Laverne Andrews,1911,1967,"actress,archive_footage","tt0035218,tt0039776,tt0037086,tt0033436",37
tt0040594,1.0,nm0534045,Fred MacMurray,"tt0036775,tt0053604,tt0046816,tt0057518",40,2.0,nm0885098,The Miracle of the Bells,1948,Drama,Alida Valli,1921,2006,"actress,director,writer","tt0041959,tt0076786,tt0053459,tt0039694",27
tt0040613,1.0,nm0000026,Cary Grant,"tt0053125,tt0056923,tt0034248,tt0053143",44,2.0,nm0001485,Mr. Blandings Builds His Dream House,1948,"Comedy,Romance",Myrna Loy,1905,1993,"actress,soundtrack,archive_footage","tt0025878,tt0036868,tt0040613,tt0027260",43
tt0040631,1.0,nm0526485,William Lundigan,"tt0041746,tt0041378,tt0040631,tt0043667",34,2.0,nm0924916,Mystery in Mexico,1948,"Crime,Mystery",Jacqueline White,1922,\N,"actress,archive_footage,archive_sound","tt0044954,tt0038938,tt0036407,tt0039659",26
tt0040719,1.0,nm0706368,George Raft,"tt0053291,tt0033149,tt0023427,tt0037832",47,3.0,nm0561765,Race Street,1948,"Crime,Drama,Film-Noir",Marilyn Maxwell,1920,1972,"actress,soundtrack,archive_footage","tt0037373,tt0052141,tt0041239,tt0046138",28
tt0040720,2.0,nm0000034,William Holden,"tt0046359,tt0047437,tt0043014,tt0074958",30,1.0,nm0949835,Rachel and the Stranger,1948,"Adventure,Comedy,Drama",Loretta Young,1913,2000,"actress,producer,soundtrack","tt0038991,tt0039370,tt0024334,tt0032397",35
tt0040732,1.0,nm0000068,Randolph Scott,"tt0026942,tt0056412,tt0046375,tt0051047",50,3.0,nm0420331,Return of the Bad Men,1948,Western,Anne Jeffreys,1923,2017,"actress,soundtrack,archive_footage","tt0039772,tt0037642,tt0037644,tt0038478",25
tt0040835,1.0,nm0694090,Dick Powell,"tt0037101,tt0037615,tt0044391,tt0040695",44,2.0,nm0339452,Station West,1948,Western,Jane Greer,1924,2001,"actress,soundtrack,archive_footage","tt0039689,tt0041178,tt0045053,tt0040835",24
tt0040862,1.0,nm0919321,Johnny Weissmuller,"tt0023551,tt0035419,tt0042311,tt0036414",44,2.0,nm0431502,Tarzan and the Mermaids,1948,"Action,Adventure",Brenda Joyce,1917,2009,"actress,archive_footage","tt0031835,tt0038151,tt0039011,tt0037989",31
tt0040872,2.0,nm0335048,Farley Granger,"tt0044079,tt0040746,tt0040872,tt0082951",23,1.0,nm0640732,They Live by Night,1948,"Crime,Film-Noir,Romance",Cathy O'Donnell,1923,1970,"actress,soundtrack,archive_footage","tt0036868,tt0052618,tt0040872,tt0039230",25
tt0040934,2.0,nm0312890,Leo Genn,"tt0043949,tt0049513,tt0061075,tt0040806",43,1.0,nm0751426,The Velvet Touch,1948,"Crime,Drama,Film-Noir",Rosalind Russell,1907,1976,"actress,writer,soundtrack","tt0051383,tt0032599,tt0056048,tt0032143",41
tt0040956,1.0,nm0392529,Tim Holt,"tt0035015,tt0040897,tt0038762,tt0031971",29,2.0,nm0504160,Western Heritage,1948,Western,Nan Leslie,1926,2000,"actress,stunts,soundtrack","tt0047748,tt0038996,tt0040956,tt0053742",22
tt0041093,1.0,nm0001870,Robert Young,"tt0039286,tt0046600,tt0034923,tt0033686",42,2.0,nm0000073,Adventure in Baltimore,1949,"Comedy,Drama",Shirley Temple,1928,2014,"actress,writer,miscellaneous","tt0016029,tt0030657,tt0024914,tt0031580",21
tt0041178,1.0,nm0000053,Robert Mitchum,"tt0039689,tt0048424,tt0056197,tt0050356",32,2.0,nm0339452,The Big Steal,1949,"Crime,Film-Noir,Romance",Jane Greer,1924,2001,"actress,soundtrack,archive_footage","tt0039689,tt0041178,tt0045053,tt0040835",25
tt0041208,2.0,nm0001870,Robert Young,"tt0039286,tt0046600,tt0034923,tt0033686",42,1.0,nm0001055,Bride for Sale,1949,Comedy,Claudette Colbert,1903,1996,"actress,soundtrack,archive_footage","tt0025316,tt0036367,tt0029929,tt0037280",46
tt0041252,1.0,nm0930103,Bill Williams,"tt0045177,tt0041252,tt0048159,tt0038458",34,2.0,nm0354853,The Clay Pigeon,1949,"Crime,Drama,Film-Noir",Barbara Hale,1922,2017,"actress,soundtrack,archive_footage","tt0050051,tt0065377,tt0073043,tt0042046",27
tt0041278,1.0,nm0706368,George Raft,"tt0053291,tt0033149,tt0023427,tt0037832",48,2.0,nm0707048,A Dangerous Profession,1949,"Crime,Drama,Film-Noir",Ella Raines,1920,1988,"actress,soundtrack,archive_footage","tt0036260,tt0041503,tt0036891,tt0037330",29
tt0041328,1.0,nm0001514,Victor Mature,"tt0046247,tt0039536,tt0038762,tt0035103",36,2.0,nm0779507,Easy Living,1949,"Drama,Sport",Lizabeth Scott,1922,2015,"actress,soundtrack,archive_footage","tt0041968,tt0038988,tt0040695,tt0039482",27
tt0041378,1.0,nm0526485,William Lundigan,"tt0041746,tt0041378,tt0040631,tt0043667",35,2.0,nm0665842,Follow Me Quietly,1949,"Crime,Drama,Film-Noir",Dorothy Patrick,1921,1987,"actress,soundtrack,archive_footage","tt0041257,tt0043024,tt0042392,tt0041378",28
tt0041431,2.0,nm0000974,Walter Brennan,"tt0033253,tt0038762,tt0037382,tt0040724",55,1.0,nm0152460,The Green Promise,1949,Drama,Marguerite Chapman,1918,1999,"actress,soundtrack,archive_footage","tt0048605,tt0040245,tt0035032,tt0053593",31
tt0041473,1.0,nm0000053,Robert Mitchum,"tt0039689,tt0048424,tt0056197,tt0050356",32,2.0,nm0001463,Holiday Affair,1949,"Comedy,Drama,Family",Janet Leigh,1927,2004,"actress,producer,miscellaneous","tt0054215,tt0056218,tt0052311,tt0080749",22
tt0041495,1.0,nm0752813,Robert Ryan,"tt0065214,tt0061578,tt0070212,tt0047849",40,2.0,nm0206478,The Woman on Pier 13,1949,"Crime,Drama,Film-Noir",Laraine Day,1920,2007,"actress,soundtrack,archive_footage","tt0032484,tt0038700,tt0038164,tt0042049",29
tt0041531,1.0,nm0461594,Alexander Knox,"tt0037465,tt0056197,tt0059065,tt0040785",41,2.0,nm0815433,The Judge Steps Out,1948,"Comedy,Drama",Ann Sothern,1909,2001,"actress,music_department,soundtrack","tt0033803,tt0094315,tt0041587,tt0045435",39
tt0041642,1.0,nm0392529,Tim Holt,"tt0035015,tt0040897,tt0038762,tt0031971",30,3.0,nm0520467,Masked Raiders,1949,Western,Marjorie Lord,1918,2015,"actress,soundtrack,archive_footage","tt0045410,tt0028998,tt0035611,tt0042323",31
tt0041650,2.0,nm0424565,Ben Johnson,"tt0067328,tt0065214,tt0068638,tt0072705",31,1.0,nm0601930,Mighty Joe Young,1949,"Adventure,Drama,Fantasy",Terry Moore,1929,\N,"actress,producer,writer","tt0050839,tt0044509,tt0120751,tt0041650",20
tt0041672,1.0,nm0000763,Dana Andrews,"tt0037008,tt0036868,tt0037691,tt0049949",40,2.0,nm0001333,My Foolish Heart,1949,"Drama,Romance",Susan Hayward,1917,1975,"actress,soundtrack,archive_footage","tt0045333,tt0051758,tt0048191,tt0041672",32
tt0041675,1.0,nm0392529,Tim Holt,"tt0035015,tt0040897,tt0038762,tt0031971",30,4.0,nm0610230,The Mysterious Desperado,1949,"Drama,Western",Movita,1916,2015,"actress,soundtrack,archive_footage","tt0031371,tt0026752,tt0027420,tt0040369",33
tt0041824,1.0,nm0335048,Farley Granger,"tt0044079,tt0040746,tt0040872,tt0082951",24,2.0,nm0262896,Roseanna McCoy,1949,"Drama,Romance",Joan Evans,1934,2023,"actress,soundtrack","tt0041824,tt0045155,tt0045637,tt0042123",15
tt0041827,1.0,nm0827577,Robert Sterling,"tt0055608,tt0044030,tt0041827,tt0034328",32,2.0,nm0002108,Roughshod,1949,"Action,Adventure,Drama",Gloria Grahame,1923,1981,"actress,soundtrack,archive_footage","tt0042593,tt0045555,tt0038650,tt0044391",26
tt0041832,1.0,nm0392529,Tim Holt,"tt0035015,tt0040897,tt0038762,tt0031971",30,3.0,nm0405054,Rustlers,1949,Western,Martha Hyer,1924,2014,"actress,writer,soundtrack","tt0059740,tt0052218,tt0047437,tt0051745",25
tt0041859,1.0,nm0752813,Robert Ryan,"tt0065214,tt0061578,tt0070212,tt0047849",40,2.0,nm0869429,The Set-Up,1949,"Crime,Film-Noir,Sport",Audrey Totter,1917,2013,"actress,soundtrack,archive_footage","tt0039941,tt0039545,tt0038854,tt0041954",32
tt0041866,1.0,nm0000078,John Wayne,"tt0065126,tt0056217,tt0075213,tt0053580",42,2.0,nm0238445,She Wore a Yellow Ribbon,1949,Western,Joanne Dru,1922,1996,"actress,soundtrack,archive_footage","tt0040724,tt0041113,tt0042176,tt0041866",27
tt0041890,1.0,nm0412322,Burl Ives,"tt0051411,tt0051459,tt0058536,tt0108399",39,2.0,nm0094135,So Dear to My Heart,1948,"Animation,Drama,Family",Beulah Bondi,1889,1981,"actress,soundtrack,archive_footage","tt0038650,tt0031679,tt0029192,tt0034012",59
tt0041915,1.0,nm0392529,Tim Holt,"tt0035015,tt0040897,tt0038762,tt0031971",30,3.0,nm0232655,Stagecoach Kid,1949,Western,Jeff Donnell,1921,1988,"actress,archive_footage","tt0042593,tt0051036,tt0042251,tt0066473",28
tt0041926,2.0,nm0528705,Jeffrey Lynn,"tt0031867,tt0041926,tt0040167,tt0034337",40,1.0,nm0779549,Strange Bargain,1949,"Crime,Drama,Film-Noir",Martha Scott,1912,2003,"actress,producer,archive_footage","tt0049833,tt0052618,tt0032881,tt0033459",37
tt0041947,1.0,nm0000851,Lex Barker,"tt0045220,tt0059915,tt0058751,tt0043025",30,2.0,nm0431502,Tarzan's Magic Fountain,1949,"Action,Adventure,Fantasy",Brenda Joyce,1917,2009,"actress,archive_footage","tt0031835,tt0038151,tt0039011,tt0037989",32
tt0041963,1.0,nm0642671,Michael O'Shea,"tt0036094,tt0041179,tt0041963,tt0041733",43,2.0,nm0340706,The Threat,1949,"Crime,Drama,Film-Noir",Virginia Grey,1917,2004,"actress,soundtrack,archive_footage","tt0065377,tt0040920,tt0032143,tt0031047",32
tt0042046,1.0,nm0237985,Bobby Driscoll,"tt0046183,tt0042046,tt0038969,tt0043067",12,2.0,nm0354853,The Window,1949,"Drama,Film-Noir,Thriller",Barbara Hale,1922,2017,"actress,soundtrack,archive_footage","tt0050051,tt0065377,tt0073043,tt0042046",27
tt0042053,2.0,nm0002048,Melvyn Douglas,"tt0078841,tt0057163,tt0031725,tt0040613",48,1.0,nm0000058,A Woman's Secret,1949,"Drama,Film-Noir,Mystery",Maureen O'Hara,1920,2015,"actress,soundtrack,archive_footage","tt0045061,tt0039628,tt0055277,tt0033729",29
tt0179533,1.0,nm0392529,Tim Holt,"tt0035015,tt0040897,tt0038762,tt0031971",28,2.0,nm0504160,Wild Horse Mesa,1947,"Drama,Western",Nan Leslie,1926,2000,"actress,stunts,soundtrack","tt0047748,tt0038996,tt0040956,tt0053742",21
tt0286954,1.0,nm0015638,Farid El-Atrash,"tt0804497,tt0310599,tt0297707,tt0342661",30,2.0,nm0950346,Honeymoon,1945,"Comedy,Musical,Romance",Madihah Yusri,1919,2018,"actress,producer,writer","tt0371382,tt0310632,tt0318820,tt0355630",26
tt4800094,1.0,nm1340316,Rogelio de la Rosa,"tt0359407,tt0371374,tt1092623,tt0370797",30,2.0,nm1044840,Honeymoon,1946,"Comedy,Romance",Norma Blancaflor,1919,2004,actress,"tt1690100,tt0764799,tt1127796,tt0469552",27
tt5115690,1.0,nm0000784,Pedro Armendáriz,"tt0057076,tt0040369,tt0040064,tt0037981",36,2.0,nm0549773,The Pearl,1948,Drama,María Elena Marqués,1926,2008,"actress,miscellaneous,soundtrack","tt0037981,tt0174157,tt0218358,tt0055337",22
tt7309050,1.0,nm1303218,Tian Xie,"tt6562468,tt1395030,tt6643526,tt6611906",34,2.0,nm0155429,Suspicion,1948,"Drama,Mystery",Yanyan Chen,1916,1999,actress,"tt0121180,tt0777809,tt12833634,tt1754121",32
