tconst,titleType,primaryTitle,originalTitle,isAdult,startYear,endYear,runtimeMinutes,genres
tt0041181,movie,Black Hand,Black Hand,0,1950,\N,92,"Crime,Film-Noir,Thriller"
tt0041694,movie,No Man of Her Own,No Man of Her Own,0,1950,\N,98,"Drama,Film-Noir,Romance"
tt0042039,movie,Whirlpool,Whirlpool,0,1950,\N,98,"Crime,Drama,Film-Noir"
tt0042052,movie,Woman in Hiding,Woman in Hiding,0,1950,\N,92,"Crime,Drama,Film-Noir"
tt0042208,movie,The Asphalt Jungle,The Asphalt Jungle,0,1950,\N,112,"Crime,Drama,Film-Noir"
tt0042219,movie,Backfire,Backfire,0,1950,\N,91,"Crime,Film-Noir,Mystery"
tt0042242,movie,Between Midnight and Dawn,Between Midnight and Dawn,0,1950,\N,89,"Crime,Drama,Film-Noir"
tt0042250,movie,Highway 301,Highway 301,0,1950,\N,83,"Crime,Drama,Film-Noir"
tt0042274,movie,Borderline,Borderline,0,1950,\N,88,"Crime,Drama,Film-Noir"
tt0042275,movie,Born to Be Bad,Born to Be Bad,0,1950,\N,94,"Crime,Drama,Film-Noir"
tt0042281,movie,The Breaking Point,The Breaking Point,0,1950,\N,97,"Crime,Drama,Film-Noir"
tt0042289,movie,Bunco Squad,Bunco Squad,0,1950,\N,67,"Crime,Drama,Film-Noir"
tt0042296,movie,Caged,Caged,0,1950,\N,97,"Crime,Drama,Film-Noir"
tt0042376,movie,The Damned Don't Cry,The Damned Don't Cry,0,1950,\N,103,"Crime,Drama,Film-Noir"
tt0042379,movie,Dark City,Dark City,0,1950,\N,98,"Crime,Drama,Film-Noir"
tt0042387,movie,Deported,Deported,0,1950,\N,89,"Crime,Drama,Film-Noir"
tt0042392,movie,Destination Big House,Destination Big House,0,1950,\N,60,"Crime,Drama,Film-Noir"
tt0042394,movie,Destination Murder,Destination Murder,0,1950,\N,72,"Crime,Drama,Film-Noir"
tt0042397,movie,Dial 1119,Dial 1119,0,1950,\N,75,"Film-Noir,Thriller"
tt0042412,movie,Double Deal,Double Deal,0,1950,\N,64,"Crime,Drama,Film-Noir"
tt0042428,movie,Edge of Doom,Edge of Doom,0,1950,\N,99,"Crime,Drama,Film-Noir"
tt0042496,movie,Gambling House,Gambling House,0,1950,\N,80,"Crime,Drama,Film-Noir"
tt0042529,movie,Guilty Bystander,Guilty Bystander,0,1950,\N,91,"Crime,Drama,Film-Noir"
tt0042530,movie,Gun Crazy,Gun Crazy,0,1950,\N,87,"Crime,Drama,Film-Noir"
tt0042551,movie,Hi-Jacked,Hi-Jacked,0,1950,\N,66,"Crime,Drama,Film-Noir"
tt0042579,movie,House by the River,House by the River,0,1950,\N,83,"Crime,Drama,Film-Noir"
tt0042582,movie,Hunt the Man Down,Hunt the Man Down,0,1950,\N,69,"Crime,Film-Noir,Mystery"
tt0042588,movie,I Was a Shoplifter,I Was a Shoplifter,0,1950,\N,74,"Crime,Drama,Film-Noir"
tt0042593,movie,In a Lonely Place,In a Lonely Place,0,1950,\N,94,"Drama,Film-Noir,Mystery"
tt0042618,movie,Johnny One-Eye,Johnny One-Eye,0,1950,\N,78,"Crime,Drama,Film-Noir"
tt0042640,movie,Kill or Be Killed,Kill or Be Killed,0,1950,\N,67,"Crime,Film-Noir,Mystery"
tt0042643,movie,The Killer That Stalked New York,The Killer That Stalked New York,0,1950,\N,79,"Drama,Film-Noir,Thriller"
tt0042648,movie,Kiss Tomorrow Goodbye,Kiss Tomorrow Goodbye,0,1950,\N,102,"Crime,Film-Noir,Thriller"
tt0042664,movie,A Lady Without Passport,A Lady Without Passport,0,1950,\N,74,"Crime,Drama,Film-Noir"
tt0042669,movie,The Lawless,The Lawless,0,1950,\N,83,"Crime,Drama,Film-Noir"
tt0042685,movie,Lonely Heart Bandits,Lonely Heart Bandits,0,1950,\N,60,"Drama,Film-Noir"
tt0042688,movie,Love That Brute,Love That Brute,0,1950,\N,86,"Comedy,Crime,Film-Noir"
tt0042707,movie,The Man Who Cheated Himself,The Man Who Cheated Himself,0,1950,\N,81,"Crime,Drama,Film-Noir"
tt0042771,movie,Mystery Street,Mystery Street,0,1950,\N,93,"Crime,Drama,Film-Noir"
tt0042781,movie,Native Son,Native Son,0,1951,\N,91,"Drama,Film-Noir"
tt0042788,movie,Night and the City,Night and the City,0,1950,\N,96,"Crime,Film-Noir,Mystery"
tt0042792,movie,No Way Out,No Way Out,0,1950,\N,106,"Crime,Drama,Film-Noir"
tt0042807,movie,Once a Thief,Once a Thief,0,1950,\N,88,"Crime,Drama,Film-Noir"
tt0042809,movie,One Way Street,One Way Street,0,1950,\N,79,"Crime,Drama,Film-Noir"
tt0042824,movie,Outrage,Outrage,0,1950,\N,75,"Crime,Drama,Film-Noir"
tt0042826,movie,Outside the Wall,Outside the Wall,0,1950,\N,80,"Crime,Drama,Film-Noir"
tt0042832,movie,Panic in the Streets,Panic in the Streets,0,1950,\N,96,"Crime,Drama,Film-Noir"
tt0042869,movie,Quicksand,Quicksand,0,1950,\N,79,"Crime,Drama,Film-Noir"
tt0042935,movie,The Secret Fury,The Secret Fury,0,1950,\N,85,"Film-Noir,Mystery,Thriller"
tt0042953,movie,Shakedown,Shakedown,0,1950,\N,80,"Crime,Drama,Film-Noir"
tt0042976,movie,The Sleeping City,The Sleeping City,0,1950,\N,86,"Crime,Drama,Film-Noir"
tt0042989,movie,Southside 1-1000,Southside 1-1000,0,1950,\N,73,"Crime,Drama,Film-Noir"
tt0042994,movie,Stage Fright,Stage Fright,0,1950,\N,110,"Film-Noir,Mystery,Thriller"
tt0043014,movie,Sunset Blvd.,Sunset Boulevard,0,1950,\N,110,"Drama,Film-Noir"
tt0043027,movie,The Tattooed Stranger,The Tattooed Stranger,0,1950,\N,64,"Crime,Drama,Film-Noir"
tt0043040,movie,This Side of the Law,This Side of the Law,0,1950,\N,74,"Drama,Film-Noir,Mystery"
tt0043066,movie,Three Steps North,Three Steps North,0,1951,\N,85,"Crime,Drama,Film-Noir"
tt0043075,movie,The Sound of Fury,The Sound of Fury,0,1950,\N,91,"Crime,Drama,Film-Noir"
tt0043086,movie,Under the Gun,Under the Gun,0,1951,\N,83,"Crime,Drama,Film-Noir"
tt0043087,movie,Undercover Girl,Undercover Girl,0,1950,\N,83,"Crime,Drama,Film-Noir"
tt0043088,movie,The Underworld Story,The Underworld Story,0,1950,\N,91,"Crime,Drama,Film-Noir"
tt0043090,movie,Union Station,Union Station,0,1950,\N,81,"Crime,Drama,Film-Noir"
tt0043118,movie,"Walk Softly, Stranger","Walk Softly, Stranger",0,1950,\N,81,"Crime,Drama,Film-Noir"
tt0043126,movie,Western Pacific Agent,Western Pacific Agent,0,1950,\N,65,"Drama,Film-Noir"
tt0043131,movie,Where Danger Lives,Where Danger Lives,0,1950,\N,82,"Crime,Film-Noir,Thriller"
tt0043132,movie,Where the Sidewalk Ends,Where the Sidewalk Ends,0,1950,\N,95,"Crime,Drama,Film-Noir"
tt0043142,movie,Woman on the Run,Woman on the Run,0,1950,\N,77,"Crime,Drama,Film-Noir"
tt0043144,movie,Women from Headquarters,Women from Headquarters,0,1950,\N,60,"Crime,Drama,Film-Noir"
tt0043251,movie,The 13th Letter,The 13th Letter,0,1951,\N,85,"Film-Noir,Mystery"
tt0043292,movie,Appointment with Danger,Appointment with Danger,0,1950,\N,90,"Crime,Drama,Film-Noir"
tt0043320,movie,The Basketball Fix,The Basketball Fix,0,1951,\N,65,"Crime,Drama,Film-Noir"
tt0043338,movie,Ace in the Hole,Ace in the Hole,0,1951,\N,111,"Drama,Film-Noir"
tt0043340,movie,The Big Night,The Big Night,0,1951,\N,75,"Drama,Film-Noir,Thriller"
tt0043390,movie,Cause for Alarm!,Cause for Alarm!,0,1951,\N,74,"Crime,Drama,Film-Noir"
tt0043397,movie,Chained for Life,Chained for Life,0,1952,\N,81,"Crime,Drama,Film-Noir"
tt0043401,movie,Chicago Calling,Chicago Calling,0,1951,\N,75,"Drama,Film-Noir,Thriller"
tt0043418,movie,Cloudburst,Cloudburst,0,1951,\N,83,"Film-Noir,Mystery"
tt0043435,movie,Cry Danger,Cry Danger,0,1951,\N,79,"Crime,Drama,Film-Noir"
tt0043448,movie,Danger Zone,Danger Zone,0,1951,\N,56,"Crime,Drama,Film-Noir"
tt0043465,movie,Detective Story,Detective Story,0,1951,\N,103,"Crime,Drama,Film-Noir"
tt0043503,movie,The Enforcer,The Enforcer,0,1951,\N,87,"Crime,Film-Noir,Thriller"
tt0043516,movie,F.B.I. Girl,F.B.I. Girl,0,1951,\N,74,"Crime,Drama,Film-Noir"
tt0043523,movie,The Fat Man,The Fat Man,0,1951,\N,78,"Crime,Drama,Film-Noir"
tt0043560,movie,Fourteen Hours,Fourteen Hours,0,1951,\N,92,"Drama,Film-Noir,Thriller"
tt0043625,movie,He Ran All the Way,He Ran All the Way,0,1951,\N,77,"Crime,Drama,Film-Noir"
tt0043643,movie,His Kind of Woman,His Kind of Woman,0,1951,\N,120,"Action,Crime,Film-Noir"
tt0043646,movie,Hollywood Story,Hollywood Story,0,1951,\N,77,"Crime,Drama,Film-Noir"
tt0043655,movie,The Hoodlum,The Hoodlum,0,1951,\N,61,"Crime,Drama,Film-Noir"
tt0043660,movie,The House on Telegraph Hill,The House on Telegraph Hill,0,1951,\N,93,"Crime,Drama,Film-Noir"
tt0043665,movie,I Was a Communist for the F.B.I.,I Was a Communist for the F.B.I.,0,1951,\N,83,"Crime,Drama,Film-Noir"
tt0043677,movie,Inside the Walls of Folsom Prison,Inside the Walls of Folsom Prison,0,1951,\N,87,"Crime,Drama,Film-Noir"
tt0043678,movie,Iron Man,Iron Man,0,1951,\N,82,"Drama,Film-Noir,Sport"
tt0043709,movie,Kind Lady,Kind Lady,0,1951,\N,78,"Crime,Drama,Film-Noir"
tt0043728,movie,The Law and the Lady,The Law and the Lady,0,1951,\N,104,"Comedy,Drama,Film-Noir"
tt0043744,movie,Lightning Strikes Twice,Lightning Strikes Twice,0,1951,\N,91,"Crime,Drama,Film-Noir"
tt0043766,movie,M,M,0,1951,\N,88,"Crime,Drama,Film-Noir"
tt0043806,movie,Million Dollar Pursuit,Million Dollar Pursuit,0,1951,\N,60,"Crime,Drama,Film-Noir"
tt0043810,movie,Missing Women,Missing Women,0,1951,\N,60,"Crime,Drama,Film-Noir"
tt0043812,movie,The Mob,The Mob,0,1951,\N,87,"Crime,Drama,Film-Noir"
tt0043832,movie,Mystery Junction,Mystery Junction,0,1951,\N,65,"Crime,Drama,Film-Noir"
tt0043848,movie,Never Trust a Gambler,Never Trust a Gambler,0,1951,\N,79,"Crime,Drama,Film-Noir"
tt0043861,movie,No Questions Asked,No Questions Asked,0,1951,\N,80,"Crime,Drama,Film-Noir"
tt0043879,movie,On Dangerous Ground,On Dangerous Ground,0,1951,\N,82,"Drama,Film-Noir"
tt0043912,movie,Peking Express,Peking Express,0,1951,\N,95,"Action,Drama,Film-Noir"
tt0043914,movie,The People Against O'Hara,The People Against O'Hara,0,1951,\N,102,"Crime,Drama,Film-Noir"
tt0043919,movie,Pickup,Pickup,0,1951,\N,78,"Drama,Film-Noir"
tt0043920,movie,Pier 23,Pier 23,0,1951,\N,58,"Drama,Film-Noir,Mystery"
tt0043938,movie,The Prowler,The Prowler,0,1951,\N,92,"Drama,Film-Noir,Thriller"
tt0043955,movie,The Racket,The Racket,0,1951,\N,88,"Crime,Drama,Film-Noir"
tt0043957,movie,The Raging Tide,The Raging Tide,0,1951,\N,93,"Crime,Drama,Film-Noir"
tt0043973,movie,Roadblock,Roadblock,0,1951,\N,73,"Crime,Drama,Film-Noir"
tt0043998,movie,The Scarf,The Scarf,0,1951,\N,93,"Drama,Film-Noir,Thriller"
tt0044013,movie,The Second Woman,The Second Woman,0,1950,\N,91,"Drama,Film-Noir,Mystery"
tt0044016,movie,Secrets of Monte Carlo,Secrets of Monte Carlo,0,1951,\N,60,"Crime,Drama,Film-Noir"
tt0044040,movie,Sirocco,Sirocco,0,1951,\N,98,"Action,Drama,Film-Noir"
tt0044075,movie,Storm Warning,Storm Warning,0,1950,\N,93,"Crime,Drama,Film-Noir"
tt0044079,movie,Strangers on a Train,Strangers on a Train,0,1951,\N,101,"Crime,Drama,Film-Noir"
tt0044083,movie,The Strip,The Strip,0,1951,\N,85,"Crime,Drama,Film-Noir"
tt0044088,movie,The Sun Sets at Dawn,The Sun Sets at Dawn,0,1950,\N,71,"Crime,Drama,Film-Noir"
tt0044136,movie,Tomorrow Is Another Day,Tomorrow Is Another Day,0,1951,\N,90,"Crime,Drama,Film-Noir"
tt0044155,movie,Two Dollar Bettor,Two Dollar Bettor,0,1951,\N,72,"Crime,Drama,Film-Noir"
tt0044166,movie,The Unknown Man,The Unknown Man,0,1951,\N,86,"Crime,Drama,Film-Noir"
tt0044331,movie,Affair in Trinidad,Affair in Trinidad,0,1952,\N,98,"Crime,Drama,Film-Noir"
tt0044357,movie,Angel Face,Angel Face,0,1952,\N,91,"Crime,Drama,Film-Noir"
tt0044364,movie,Another Man's Poison,Another Man's Poison,0,1951,\N,90,"Crime,Drama,Film-Noir"
tt0044403,movie,Because of You,Because of You,0,1952,\N,95,"Drama,Film-Noir,Romance"
tt0044417,movie,"Beware, My Lovely","Beware, My Lovely",0,1952,\N,77,"Crime,Drama,Film-Noir"
tt0044445,movie,Breakdown,Breakdown,0,1952,\N,76,"Crime,Drama,Film-Noir"
tt0044460,movie,The Bushwhackers,The Bushwhackers,0,1951,\N,70,"Film-Noir,Western"
tt0044476,movie,The Captive City,The Captive City,0,1952,\N,91,"Crime,Drama,Film-Noir"
tt0044502,movie,Clash by Night,Clash by Night,0,1952,\N,105,"Drama,Film-Noir,Romance"
tt0044513,movie,Confidence Girl,Confidence Girl,0,1952,\N,81,"Crime,Drama,Film-Noir"
tt0044515,movie,The Slasher,Cosh Boy,0,1953,\N,75,"Crime,Drama,Film-Noir"
tt0044520,movie,The Crooked Circle,The Crooked Circle,0,1957,\N,72,"Crime,Drama,Film-Noir"
tt0044533,movie,Deadline - U.S.A.,Deadline - U.S.A.,0,1952,\N,87,"Crime,Drama,Film-Noir"
tt0044552,movie,Diplomatic Courier,Diplomatic Courier,0,1952,\N,97,"Crime,Drama,Film-Noir"
tt0044557,movie,Don't Bother to Knock,Don't Bother to Knock,0,1952,\N,76,"Drama,Film-Noir,Mystery"
tt0044720,movie,Hoodlum Empire,Hoodlum Empire,0,1952,\N,98,"Crime,Drama,Film-Noir"
tt0044789,movie,Kansas City Confidential,Kansas City Confidential,0,1952,\N,99,"Crime,Drama,Film-Noir"
tt0044825,movie,The Las Vegas Story,The Las Vegas Story,0,1952,\N,88,"Crime,Drama,Film-Noir"
tt0044847,movie,Loan Shark,Loan Shark,0,1952,\N,80,"Crime,Drama,Film-Noir"
tt0044912,movie,Models Inc.,Models Inc.,0,1952,\N,73,"Crime,Drama,Film-Noir"
tt0044954,movie,The Narrow Margin,The Narrow Margin,0,1952,\N,71,"Crime,Drama,Film-Noir"
tt0044967,movie,Night Without Sleep,Night Without Sleep,0,1952,\N,77,"Drama,Film-Noir,Mystery"
tt0045029,movie,Phone Call from a Stranger,Phone Call from a Stranger,0,1952,\N,105,"Drama,Film-Noir"
tt0045124,movie,Scandal Sheet,Scandal Sheet,0,1952,\N,82,"Crime,Drama,Film-Noir"
tt0045135,movie,The Sellout,The Sellout,0,1952,\N,83,"Crime,Drama,Film-Noir"
tt0045161,movie,The Sniper,The Sniper,0,1952,\N,88,"Crime,Drama,Film-Noir"
tt0045190,movie,The Steel Trap,The Steel Trap,0,1952,\N,85,"Crime,Drama,Film-Noir"
tt0045199,movie,Strange Fascination,Strange Fascination,0,1952,\N,80,"Drama,Film-Noir,Music"
tt0045201,movie,The Stranger in Between,Hunted,0,1952,\N,84,"Crime,Drama,Film-Noir"
tt0045205,movie,Sudden Fear,Sudden Fear,0,1952,\N,110,"Film-Noir,Thriller"
tt0045216,movie,Talk About a Stranger,Talk About a Stranger,0,1952,\N,65,"Drama,Film-Noir,Mystery"
tt0045230,movie,The Thief,The Thief,0,1952,\N,86,"Crime,Drama,Film-Noir"
tt0045259,movie,Trent's Last Case,Trent's Last Case,0,1952,\N,90,"Crime,Drama,Film-Noir"
tt0045267,movie,The Turning Point,The Turning Point,0,1952,\N,85,"Crime,Drama,Film-Noir"
tt0045309,movie,Walk East on Beacon!,Walk East on Beacon!,0,1952,\N,98,"Drama,Film-Noir,Thriller"
tt0045334,movie,Without Warning!,Without Warning!,0,1952,\N,77,"Crime,Drama,Film-Noir"
tt0045533,movie,Bad Blonde,The Flanagan Boy,0,1953,\N,81,"Crime,Drama,Film-Noir"
tt0045555,movie,The Big Heat,The Big Heat,0,1953,\N,89,"Crime,Film-Noir,Thriller"
tt0045557,movie,The Bigamist,The Bigamist,0,1953,\N,80,"Drama,Film-Noir"
tt0045564,movie,The Blue Gardenia,The Blue Gardenia,0,1953,\N,90,"Crime,Drama,Film-Noir"
tt0045566,movie,A Blueprint for Murder,A Blueprint for Murder,0,1953,\N,77,"Crime,Drama,Film-Noir"
tt0045631,movie,City That Never Sleeps,City That Never Sleeps,0,1953,\N,90,"Crime,Drama,Film-Noir"
tt0045652,movie,Count the Hours!,Count the Hours!,0,1953,\N,76,"Crime,Drama,Film-Noir"
tt0045661,movie,Cry of the Hunted,Cry of the Hunted,0,1953,\N,80,"Crime,Drama,Film-Noir"
tt0045669,movie,Dangerous Crossing,Dangerous Crossing,0,1953,\N,75,"Drama,Film-Noir,Mystery"
tt0045736,movie,Escape by Night,Escape by Night,0,1953,\N,79,"Crime,Drama,Film-Noir"
tt0045745,movie,The Fake,The Fake,0,1953,\N,80,"Crime,Drama,Film-Noir"
tt0045780,movie,Forbidden,Forbidden,0,1953,\N,85,"Crime,Drama,Film-Noir"
tt0045818,movie,Girls in the Night,Girls in the Night,0,1953,\N,83,"Crime,Drama,Film-Noir"
tt0045824,movie,The Glass Wall,The Glass Wall,0,1953,\N,82,"Drama,Film-Noir"
tt0045825,movie,The Glass Web,The Glass Web,0,1953,\N,81,"Crime,Drama,Film-Noir"
tt0045877,movie,The Hitch-Hiker,The Hitch-Hiker,0,1953,\N,71,"Crime,Drama,Film-Noir"
tt0045902,movie,"I, the Jury","I, the Jury",0,1953,\N,87,"Crime,Drama,Film-Noir"
tt0045927,movie,Jamaica Run,Jamaica Run,0,1953,\N,92,"Crime,Drama,Film-Noir"
tt0045932,movie,Jeopardy,Jeopardy,0,1953,\N,69,"Crime,Drama,Film-Noir"
tt0045936,movie,The Joe Louis Story,The Joe Louis Story,0,1953,\N,88,"Biography,Drama,Film-Noir"
tt0046001,movie,The Limping Man,The Limping Man,0,1953,\N,76,"Crime,Drama,Film-Noir"
tt0046031,movie,The Man Between,The Man Between,0,1953,\N,100,"Crime,Drama,Film-Noir"
tt0046036,movie,Man in the Dark,Man in the Dark,0,1953,\N,70,"Crime,Drama,Film-Noir"
tt0046126,movie,Niagara,Niagara,0,1953,\N,92,"Film-Noir,Thriller"
tt0046130,movie,No Escape,No Escape,0,1953,\N,76,"Crime,Drama,Film-Noir"
tt0046187,movie,Pickup on South Street,Pickup on South Street,0,1953,\N,80,"Crime,Film-Noir,Mystery"
tt0046288,movie,Second Chance,Second Chance,0,1953,\N,82,"Crime,Drama,Film-Noir"
tt0046353,movie,Split Second,Split Second,0,1953,\N,85,"Crime,Drama,Film-Noir"
tt0046372,movie,Stolen Identity,Stolen Identity,0,1953,\N,81,"Crime,Drama,Film-Noir"
tt0046389,movie,The System,The System,0,1953,\N,90,"Crime,Drama,Film-Noir"
tt0046411,movie,Terror Street,36 Hours,0,1953,\N,80,"Crime,Drama,Film-Noir"
tt0046432,movie,Terror on a Train,Time Bomb,0,1953,\N,72,"Crime,Film-Noir,Thriller"
tt0046514,movie,Vice Squad,Vice Squad,0,1953,\N,88,"Crime,Drama,Film-Noir"
tt0046515,movie,Vicki,Vicki,0,1953,\N,85,"Crime,Drama,Film-Noir"
tt0046520,movie,Violated,Violated,0,1953,\N,78,"Crime,Drama,Film-Noir"
tt0046743,movie,Bait,Bait,0,1954,\N,79,"Crime,Drama,Film-Noir"
tt0046784,movie,The Black Glove,Face the Music,0,1954,\N,84,"Crime,Drama,Film-Noir"
tt0046790,movie,Black Tuesday,Black Tuesday,0,1954,\N,80,"Crime,Drama,Film-Noir"
tt0046791,movie,Black Widow,Black Widow,0,1954,\N,95,"Drama,Film-Noir,Mystery"
tt0046792,movie,Blackout,Murder by Proxy,0,1954,\N,87,"Crime,Drama,Film-Noir"
tt0046812,movie,A Bullet Is Waiting,A Bullet Is Waiting,0,1954,\N,90,"Crime,Drama,Film-Noir"
tt0046878,movie,Crime Wave,Crime Wave,0,1953,\N,73,"Crime,Drama,Film-Noir"
tt0046885,movie,Cry Vengeance,Cry Vengeance,0,1954,\N,82,"Crime,Drama,Film-Noir"
tt0046891,movie,Dangerous Mission,Dangerous Mission,0,1954,\N,75,"Action,Crime,Film-Noir"
tt0046928,movie,Down Three Dark Streets,Down Three Dark Streets,0,1954,\N,85,"Crime,Drama,Film-Noir"
tt0046931,movie,Dragnet,Dragnet,0,1954,\N,88,"Crime,Drama,Film-Noir"
tt0046935,movie,Drive a Crooked Road,Drive a Crooked Road,0,1954,\N,83,"Crime,Drama,Film-Noir"
tt0046969,movie,The Fast and the Furious,The Fast and the Furious,0,1954,\N,73,"Crime,Drama,Film-Noir"
tt0047041,movie,Gorilla at Large,Gorilla at Large,0,1954,\N,83,"Crime,Film-Noir,Mystery"
tt0047067,movie,Heat Wave,The House Across the Lake,0,1954,\N,68,"Crime,Drama,Film-Noir"
tt0047087,movie,Highway Dragnet,Highway Dragnet,0,1954,\N,71,"Crime,Drama,Film-Noir"
tt0047101,movie,Human Desire,Human Desire,0,1954,\N,91,"Drama,Film-Noir,Romance"
tt0047102,movie,The Human Jungle,The Human Jungle,0,1954,\N,82,"Crime,Drama,Film-Noir"
tt0047127,movie,Jail Bait,Jail Bait,0,1954,\N,71,"Crime,Drama,Film-Noir"
tt0047178,movie,A Life at Stake,A Life at Stake,0,1955,\N,78,"Drama,Film-Noir"
tt0047192,movie,Loophole,Loophole,0,1954,\N,80,"Crime,Drama,Film-Noir"
tt0047205,movie,Make Haste to Live,Make Haste to Live,0,1954,\N,90,"Drama,Film-Noir,Thriller"
tt0047232,movie,The Miami Story,The Miami Story,0,1954,\N,75,"Crime,Drama,Film-Noir"
tt0047263,movie,Naked Alibi,Naked Alibi,0,1954,\N,86,"Crime,Drama,Film-Noir"
tt0047317,movie,The Other Woman,The Other Woman,0,1954,\N,81,"Crime,Drama,Film-Noir"
tt0047355,movie,Playgirl,Playgirl,0,1954,\N,85,"Drama,Film-Noir"
tt0047370,movie,Private Hell 36,Private Hell 36,0,1954,\N,81,"Crime,Drama,Film-Noir"
tt0047377,movie,Pushover,Pushover,0,1954,\N,88,"Crime,Drama,Film-Noir"
tt0047417,movie,Riot in Cell Block 11,Riot in Cell Block 11,0,1954,\N,80,"Crime,Drama,Film-Noir"
tt0047424,movie,Rogue Cop,Rogue Cop,0,1954,\N,92,"Crime,Drama,Film-Noir"
tt0047479,movie,Shield for Murder,Shield for Murder,0,1954,\N,82,"Crime,Drama,Film-Noir"
tt0047525,movie,The Steel Jungle,The Steel Jungle,0,1956,\N,86,"Crime,Drama,Film-Noir"
tt0047542,movie,Suddenly,Suddenly,0,1954,\N,77,"Crime,Drama,Film-Noir"
tt0047563,movie,The Teckman Mystery,The Teckman Mystery,0,1954,\N,90,"Crime,Drama,Film-Noir"
tt0047676,movie,Wicked Woman,Wicked Woman,0,1953,\N,77,"Drama,Film-Noir"
tt0047679,movie,Witness to Murder,Witness to Murder,0,1954,\N,83,"Crime,Drama,Film-Noir"
tt0047681,movie,World for Ransom,World for Ransom,0,1954,\N,82,"Crime,Drama,Film-Noir"
tt0047865,movie,Bedevilled,Bedevilled,0,1955,\N,85,"Crime,Drama,Film-Noir"
tt0047875,movie,Betrayed Women,Betrayed Women,0,1955,\N,70,"Crime,Drama,Film-Noir"
tt0047877,movie,The Big Bluff,The Big Bluff,0,1955,\N,71,"Crime,Drama,Film-Noir"
tt0047878,movie,The Big Combo,The Big Combo,0,1955,\N,87,"Crime,Drama,Film-Noir"
tt0047879,movie,"Big House, U.S.A.","Big House, U.S.A.",0,1955,\N,83,"Crime,Drama,Film-Noir"
tt0047880,movie,The Big Knife,The Big Knife,0,1955,\N,111,"Crime,Drama,Film-Noir"
tt0047881,movie,The Big Tip Off,The Big Tip Off,0,1955,\N,78,"Crime,Drama,Film-Noir"
tt0047904,movie,A Bullet for Joey,A Bullet for Joey,0,1955,\N,85,"Crime,Drama,Film-Noir"
tt0047929,movie,Police Cordon,El cerco,0,1955,\N,77,"Crime,Film-Noir"
tt0047934,movie,Chicago Syndicate,Chicago Syndicate,0,1955,\N,84,"Crime,Drama,Film-Noir"
tt0047942,movie,City of Shadows,City of Shadows,0,1955,\N,70,"Crime,Drama,Film-Noir"
tt0047958,movie,Crashout,Crashout,0,1955,\N,89,"Crime,Drama,Film-Noir"
tt0047962,movie,The Crooked Web,The Crooked Web,0,1955,\N,77,"Crime,Drama,Film-Noir"
tt0047976,movie,Dementia,Dementia,0,1955,\N,61,"Film-Noir,Horror,Mystery"
tt0047985,movie,The Desperate Hours,The Desperate Hours,0,1955,\N,112,"Crime,Drama,Film-Noir"
tt0048064,movie,Female on the Beach,Female on the Beach,0,1955,\N,97,"Crime,Drama,Film-Noir"
tt0048072,movie,Finger Man,Finger Man,0,1955,\N,82,"Crime,Drama,Film-Noir"
tt0048077,movie,5 Against the House,5 Against the House,0,1955,\N,84,"Crime,Drama,Film-Noir"
tt0048158,movie,Hell on Frisco Bay,Hell on Frisco Bay,0,1955,\N,99,"Crime,Drama,Film-Noir"
tt0048160,movie,Hell's Island,Hell's Island,0,1955,\N,84,"Adventure,Drama,Film-Noir"
tt0048174,movie,Hold Back Tomorrow,Hold Back Tomorrow,0,1955,\N,75,"Drama,Film-Noir"
tt0048182,movie,House of Bamboo,House of Bamboo,0,1955,\N,102,"Crime,Drama,Film-Noir"
tt0048189,movie,I Cover the Underworld,I Cover the Underworld,0,1955,\N,70,"Crime,Drama,Film-Noir"
tt0048190,movie,I Died a Thousand Times,I Died a Thousand Times,0,1955,\N,109,"Crime,Drama,Film-Noir"
tt0048199,movie,Illegal,Illegal,0,1955,\N,88,"Crime,Drama,Film-Noir"
tt0048230,movie,Joe MacBeth,Joe MacBeth,0,1955,\N,90,"Crime,Drama,Film-Noir"
tt0048254,movie,Killer's Kiss,Killer's Kiss,0,1955,\N,67,"Crime,Drama,Film-Noir"
tt0048261,movie,Kiss Me Deadly,Kiss Me Deadly,0,1955,\N,106,"Crime,Film-Noir,Mystery"
tt0048285,movie,Las Vegas Shakedown,Las Vegas Shakedown,0,1955,\N,79,"Crime,Drama,Film-Noir"
tt0048329,movie,Mad at the World,Mad at the World,0,1955,\N,76,"Crime,Drama,Film-Noir"
tt0048393,movie,Confidential Report,Mr. Arkadin,0,1955,\N,93,"Crime,Drama,Film-Noir"
tt0048394,movie,Death of a Cyclist,Muerte de un ciclista,0,1955,\N,88,"Crime,Drama,Film-Noir"
tt0048396,movie,Murder Is My Beat,Murder Is My Beat,0,1955,\N,77,"Film-Noir,Mystery"
tt0048412,movie,The Naked Street,The Naked Street,0,1955,\N,84,"Crime,Drama,Film-Noir"
tt0048420,movie,New Orleans Uncensored,New Orleans Uncensored,0,1955,\N,76,"Crime,Drama,Film-Noir"
tt0048421,movie,New York Confidential,New York Confidential,0,1955,\N,87,"Crime,Drama,Film-Noir"
tt0048423,movie,The Night Holds Terror,The Night Holds Terror,0,1955,\N,86,"Crime,Drama,Film-Noir"
tt0048424,movie,The Night of the Hunter,The Night of the Hunter,0,1955,\N,92,"Crime,Drama,Film-Noir"
tt0048426,movie,No Man's Woman,No Man's Woman,0,1955,\N,70,"Crime,Film-Noir,Mystery"
tt0048432,movie,Not as a Stranger,Not as a Stranger,0,1955,\N,135,"Drama,Film-Noir,Romance"
tt0048488,movie,The Phenix City Story,The Phenix City Story,0,1955,\N,100,"Crime,Drama,Film-Noir"
tt0048571,movie,Running Wild,Running Wild,0,1955,\N,81,"Crime,Drama,Film-Noir"
tt0048607,movie,Shack Out on 101,Shack Out on 101,0,1955,\N,80,"Crime,Drama,Film-Noir"
tt0048628,movie,Six Bridges to Cross,Six Bridges to Cross,0,1955,\N,96,"Crime,Drama,Film-Noir"
tt0048654,movie,The Square Jungle,The Square Jungle,0,1955,\N,86,"Drama,Film-Noir,Sport"
tt0048672,movie,Sudden Danger,Sudden Danger,0,1955,\N,65,"Crime,Drama,Film-Noir"
tt0048724,movie,Tight Spot,Tight Spot,0,1955,\N,97,"Crime,Drama,Film-Noir"
tt0048762,movie,Unchained,Unchained,0,1955,\N,75,"Crime,Drama,Film-Noir"
tt0048790,movie,Violent Saturday,Violent Saturday,0,1955,\N,90,"Crime,Drama,Film-Noir"
tt0048811,movie,Women's Prison,Women's Prison,0,1955,\N,80,"Crime,Drama,Film-Noir"
tt0048924,movie,Accused of Murder,Accused of Murder,0,1956,\N,74,"Film-Noir,Mystery"
tt0048996,movie,Behind the High Wall,Behind the High Wall,0,1956,\N,85,"Crime,Drama,Film-Noir"
tt0049006,movie,Beyond a Reasonable Doubt,Beyond a Reasonable Doubt,0,1956,\N,80,"Crime,Drama,Film-Noir"
tt0049026,movie,The Boss,The Boss,0,1956,\N,89,"Crime,Drama,Film-Noir"
tt0049035,movie,The Burglar,The Burglar,0,1957,\N,90,"Drama,Film-Noir,Thriller"
tt0049089,movie,The Come On,The Come On,0,1956,\N,83,"Crime,Drama,Film-Noir"
tt0049105,movie,Crime Against Joe,Crime Against Joe,0,1956,\N,70,"Crime,Film-Noir,Thriller"
tt0049110,movie,A Cry in the Night,A Cry in the Night,0,1956,\N,75,"Crime,Drama,Film-Noir"
tt0049130,movie,Death of a Scoundrel,Death of a Scoundrel,0,1956,\N,119,"Crime,Drama,Film-Noir"
tt0049171,movie,Edge of Hell,Edge of Hell,0,1956,\N,78,"Drama,Film-Noir"
tt0049196,movie,Eyewitness,Eyewitness,0,1956,\N,82,"Crime,Drama,Film-Noir"
tt0049204,movie,Female Jungle,Female Jungle,0,1955,\N,73,"Crime,Drama,Film-Noir"
tt0049210,movie,Finger of Guilt,The Intimate Stranger,0,1956,\N,95,"Drama,Film-Noir"
tt0049219,movie,Flight to Hong Kong,Flight to Hong Kong,0,1956,\N,88,"Crime,Drama,Film-Noir"
tt0049234,movie,Fright,Fright,0,1956,\N,68,"Film-Noir,Horror"
tt0049265,movie,Girls in Prison,Girls in Prison,0,1956,\N,88,"Crime,Drama,Film-Noir"
tt0049284,movie,Gun Girls,Gun Girls,0,1957,\N,67,"Crime,Drama,Film-Noir"
tt0049291,movie,The Harder They Fall,The Harder They Fall,0,1956,\N,109,"Drama,Film-Noir,Sport"
tt0049334,movie,Hot Cars,Hot Cars,0,1956,\N,60,"Crime,Drama,Film-Noir"
tt0049340,movie,The Houston Story,The Houston Story,0,1956,\N,79,"Crime,Drama,Film-Noir"
tt0049388,movie,Julie,Julie,0,1956,\N,99,"Crime,Drama,Film-Noir"
tt0049405,movie,The Killer Is Loose,The Killer Is Loose,0,1956,\N,73,"Crime,Drama,Film-Noir"
tt0049406,movie,The Killing,The Killing,0,1956,\N,84,"Crime,Drama,Film-Noir"
tt0049414,movie,A Kiss Before Dying,A Kiss Before Dying,0,1956,\N,94,"Crime,Film-Noir,Mystery"
tt0049433,movie,The Last Man to Hang,The Last Man to Hang,0,1956,\N,75,"Crime,Drama,Film-Noir"
tt0049469,movie,The Man Is Armed,The Man Is Armed,0,1956,\N,70,"Crime,Drama,Film-Noir"
tt0049476,movie,Man in the Vault,Man in the Vault,0,1956,\N,73,"Crime,Drama,Film-Noir"
tt0049500,movie,Miami Exposé,Miami Exposé,0,1956,\N,73,"Crime,Drama,Film-Noir"
tt0049552,movie,Nightfall,Nightfall,0,1956,\N,78,"Crime,Drama,Film-Noir"
tt0049553,movie,Nightmare,Nightmare,0,1956,\N,89,"Crime,Drama,Film-Noir"
tt0049586,movie,Outside the Law,Outside the Law,0,1956,\N,81,"Crime,Drama,Film-Noir"
tt0049587,movie,Over-Exposed,Over-Exposed,0,1956,\N,80,"Crime,Drama,Film-Noir"
tt0049621,movie,Please Murder Me!,Please Murder Me!,0,1956,\N,78,"Crime,Drama,Film-Noir"
tt0049636,movie,The Price of Fear,The Price of Fear,0,1956,\N,79,"Crime,Drama,Film-Noir"
tt0049656,movie,Ransom!,Ransom!,0,1956,\N,109,"Crime,Drama,Film-Noir"
tt0049693,movie,Rumble on the Docks,Rumble on the Docks,0,1956,\N,82,"Crime,Drama,Film-Noir"
tt0049718,movie,The Scarlet Hour,The Scarlet Hour,0,1956,\N,95,"Crime,Drama,Film-Noir"
tt0049748,movie,The Shadow on the Window,The Shadow on the Window,0,1957,\N,76,"Crime,Drama,Film-Noir"
tt0049767,movie,Slander,Slander,0,1957,\N,81,"Crime,Drama,Film-Noir"
tt0049769,movie,Slightly Scarlet,Slightly Scarlet,0,1956,\N,99,"Crime,Drama,Film-Noir"
tt0049774,movie,Spin a Dark Web,Soho Incident,0,1956,\N,76,"Crime,Drama,Film-Noir"
tt0049801,movie,Storm Fear,Storm Fear,0,1955,\N,88,"Crime,Drama,Film-Noir"
tt0049804,movie,A Strange Adventure,A Strange Adventure,0,1956,\N,70,"Crime,Drama,Film-Noir"
tt0049805,movie,Strange Intruder,Strange Intruder,0,1956,\N,82,"Crime,Drama,Film-Noir"
tt0049836,movie,Terror at Midnight,Terror at Midnight,0,1956,\N,70,"Crime,Drama,Film-Noir"
tt0049846,movie,Three Bad Sisters,Three Bad Sisters,0,1956,\N,76,"Crime,Drama,Film-Noir"
tt0049856,movie,Time Without Pity,Time Without Pity,0,1957,\N,85,"Crime,Drama,Film-Noir"
tt0049857,movie,Time Table,Time Table,0,1956,\N,80,"Crime,Drama,Film-Noir"
tt0049904,movie,The Unguarded Moment,The Unguarded Moment,0,1956,\N,95,"Crime,Drama,Film-Noir"
tt0049922,movie,The Violent Years,The Violent Years,0,1956,\N,65,"Crime,Drama,Film-Noir"
tt0049932,movie,Walk the Dark Street,Walk the Dark Street,0,1956,\N,73,"Crime,Drama,Film-Noir"
tt0049947,movie,When Gangland Strikes,When Gangland Strikes,0,1956,\N,70,"Crime,Drama,Film-Noir"
tt0049949,movie,While the City Sleeps,While the City Sleeps,0,1956,\N,100,"Crime,Drama,Film-Noir"
tt0049955,movie,The Wild Party,The Wild Party,0,1956,\N,91,"Crime,Drama,Film-Noir"
tt0049961,movie,A Woman's Devotion,A Woman's Devotion,0,1956,\N,88,"Crime,Drama,Film-Noir"
tt0049965,movie,World in My Corner,World in My Corner,0,1956,\N,82,"Drama,Film-Noir,Sport"
tt0050087,movie,5 Steps to Danger,5 Steps to Danger,0,1956,\N,81,"Crime,Drama,Film-Noir"
tt0050092,movie,The Abductors,The Abductors,0,1957,\N,80,"Crime,Drama,Film-Noir"
tt0050096,movie,Account Rendered,Account Rendered,0,1957,\N,59,"Crime,Drama,Film-Noir"
tt0050103,movie,Affair in Havana,Affair in Havana,0,1957,\N,77,"Crime,Film-Noir"
tt0050190,movie,The Big Caper,The Big Caper,0,1957,\N,84,"Crime,Drama,Film-Noir"
tt0050213,movie,The Brothers Rico,The Brothers Rico,0,1957,\N,92,"Crime,Drama,Film-Noir"
tt0050233,movie,Cast a Dark Shadow,Cast a Dark Shadow,0,1955,\N,82,"Crime,Film-Noir,Thriller"
tt0050241,movie,Chain of Evidence,Chain of Evidence,0,1957,\N,64,"Crime,Drama,Film-Noir"
tt0050271,movie,Crime of Passion,Crime of Passion,0,1956,\N,86,"Crime,Drama,Film-Noir"
tt0050295,movie,Death in Small Doses,Death in Small Doses,0,1957,\N,79,"Crime,Drama,Film-Noir"
tt0050385,movie,The Female Animal,The Female Animal,0,1958,\N,84,"Drama,Film-Noir,Romance"
tt0050405,movie,She Played with Fire,Fortune Is a Woman,0,1957,\N,95,"Crime,Drama,Film-Noir"
tt0050424,movie,The Garment Jungle,The Garment Jungle,0,1957,\N,88,"Crime,Drama,Film-Noir"
tt0050439,movie,The Girl in Black Stockings,The Girl in Black Stockings,0,1957,\N,75,"Crime,Drama,Film-Noir"
tt0050440,movie,The Girl in the Kremlin,The Girl in the Kremlin,0,1957,\N,81,"Drama,Film-Noir,Mystery"
tt0050495,movie,Hell Bound,Hell Bound,0,1957,\N,69,"Crime,Drama,Film-Noir"
tt0050512,movie,Hit and Run,Hit and Run,0,1957,\N,87,"Crime,Drama,Film-Noir"
tt0050523,movie,Hot Rod Rumble,Hot Rod Rumble,0,1957,\N,79,"Crime,Drama,Film-Noir"
tt0050524,movie,Hot Summer Night,Hot Summer Night,0,1957,\N,86,"Crime,Drama,Film-Noir"
tt0050526,movie,House of Numbers,House of Numbers,0,1957,\N,90,"Crime,Drama,Film-Noir"
tt0050653,movie,The Long Haul,The Long Haul,0,1957,\N,100,"Crime,Drama,Film-Noir"
tt0050670,movie,The Mailbag Robbery,The Flying Scot,0,1957,\N,70,"Crime,Drama,Film-Noir"
tt0050674,movie,Man Afraid,Man Afraid,0,1957,\N,84,"Crime,Drama,Film-Noir"
tt0050704,movie,The Midnight Story,The Midnight Story,0,1957,\N,90,"Crime,Drama,Film-Noir"
tt0050764,movie,The Night Runner,The Night Runner,0,1957,\N,79,"Drama,Film-Noir,Thriller"
tt0050847,movie,Plunder Road,Plunder Road,0,1957,\N,72,"Crime,Drama,Film-Noir"
tt0050964,movie,Short Cut to Hell,Short Cut to Hell,0,1957,\N,89,"Crime,Drama,Film-Noir"
tt0050982,movie,Slaughter on 10th Avenue,Slaughter on 10th Avenue,0,1957,\N,103,"Crime,Drama,Film-Noir"
tt0051019,movie,The Strange One,The Strange One,0,1957,\N,100,"Drama,Film-Noir"
tt0051022,movie,Street of Sinners,Street of Sinners,0,1957,\N,80,"Crime,Drama,Film-Noir"
tt0051036,movie,Sweet Smell of Success,Sweet Smell of Success,0,1957,\N,96,"Drama,Film-Noir"
tt0051058,movie,The Tattered Dress,The Tattered Dress,0,1957,\N,93,"Crime,Drama,Film-Noir"
tt0051062,movie,Teenage Doll,Teenage Doll,0,1957,\N,71,"Crime,Drama,Film-Noir"
tt0051081,movie,The Tijuana Story,The Tijuana Story,0,1957,\N,73,"Crime,Drama,Film-Noir"
tt0051088,movie,Tip on a Dead Jockey,Tip on a Dead Jockey,0,1957,\N,98,"Crime,Drama,Film-Noir"
tt0051136,movie,The Unholy Wife,The Unholy Wife,0,1957,\N,94,"Crime,Drama,Film-Noir"
tt0051207,movie,The Wrong Man,The Wrong Man,0,1956,\N,105,"Drama,Film-Noir"
tt0051370,movie,Appointment with a Shadow,Appointment with a Shadow,0,1957,\N,72,"Crime,Drama,Film-Noir"
tt0051430,movie,The Bonnie Parker Story,The Bonnie Parker Story,0,1958,\N,79,"Biography,Crime,Film-Noir"
tt0051456,movie,The Case Against Brooklyn,The Case Against Brooklyn,0,1958,\N,82,"Crime,Drama,Film-Noir"
tt0051489,movie,Cop Hater,Cop Hater,0,1958,\N,75,"Crime,Drama,Film-Noir"
tt0051501,movie,Cry Terror!,Cry Terror!,0,1958,\N,96,"Crime,Film-Noir,Thriller"
tt0051515,movie,Damn Citizen,Damn Citizen,0,1958,\N,88,"Crime,Drama,Film-Noir"
tt0051605,movie,The Fearmakers,The Fearmakers,0,1958,\N,85,"Crime,Drama,Film-Noir"
tt0051663,movie,Girls on the Loose,Girls on the Loose,0,1958,\N,78,"Crime,Drama,Film-Noir"
tt0051687,movie,The Gun Runners,The Gun Runners,0,1958,\N,83,"Crime,Drama,Film-Noir"
tt0051713,movie,Hell Drivers,Hell Drivers,0,1957,\N,91,"Crime,Drama,Film-Noir"
tt0051714,movie,Hell's Five Hours,Hell's Five Hours,0,1958,\N,73,"Crime,Drama,Film-Noir"
tt0051735,movie,Hong Kong Affair,Hong Kong Affair,0,1958,\N,79,"Crime,Drama,Film-Noir"
tt0051736,movie,Hong Kong Confidential,Hong Kong Confidential,0,1958,\N,67,"Crime,Drama,Film-Noir"
tt0051800,movie,Johnny Rocco,Johnny Rocco,0,1958,\N,84,"Crime,Drama,Film-Noir"
tt0051803,movie,Joy Ride,Joy Ride,0,1958,\N,65,"Crime,Drama,Film-Noir"
tt0051866,movie,The Lineup,The Lineup,0,1958,\N,86,"Crime,Drama,Film-Noir"
tt0051871,movie,"Live Fast, Die Young","Live Fast, Die Young",0,1958,\N,82,"Crime,Drama,Film-Noir"
tt0051894,movie,The Man Upstairs,The Man Upstairs,0,1958,\N,88,"Crime,Drama,Film-Noir"
tt0051895,movie,The Man Who Died Twice,The Man Who Died Twice,0,1958,\N,70,"Crime,Drama,Film-Noir"
tt0051900,movie,Man on the Prowl,Man on the Prowl,0,1957,\N,86,"Crime,Drama,Film-Noir"
tt0051959,movie,Murder by Contract,Murder by Contract,0,1958,\N,81,"Crime,Drama,Film-Noir"
tt0052050,movie,Party Girl,Party Girl,0,1958,\N,99,"Crime,Drama,Film-Noir"
tt0052129,movie,The Restless Years,The Restless Years,0,1958,\N,86,"Crime,Drama,Film-Noir"
tt0052133,movie,Revolt in the Big House,Revolt in the Big House,0,1958,\N,79,"Crime,Drama,Film-Noir"
tt0052168,movie,Screaming Mimi,Screaming Mimi,0,1958,\N,79,"Drama,Film-Noir,Thriller"
tt0052245,movie,Step Down to Terror,Step Down to Terror,0,1958,\N,76,"Crime,Drama,Film-Noir"
tt0052293,movie,Thunder Road,Thunder Road,0,1958,\N,92,"Crime,Drama,Film-Noir"
tt0052311,movie,Touch of Evil,Touch of Evil,0,1958,\N,95,"Crime,Drama,Film-Noir"
tt0052322,movie,The True Story of Lynn Stuart,The True Story of Lynn Stuart,0,1958,\N,78,"Crime,Drama,Film-Noir"
tt0052416,movie,Young and Wild,Young and Wild,0,1958,\N,69,"Crime,Drama,Film-Noir"
tt0052753,movie,Back to the Wall,Le dos au mur,0,1958,\N,93,"Crime,Drama,Film-Noir"
tt0054930,movie,Girl on the Run,Girl on the Run,0,1953,\N,64,"Crime,Film-Noir,Mystery"
tt0121515,movie,The Man with My Face,The Man with My Face,0,1951,\N,79,"Crime,Film-Noir,Thriller"
tt0124076,movie,Portland Exposé,Portland Exposé,0,1957,\N,72,"Crime,Film-Noir,Mystery"
tt0128271,movie,Insurance Investigator,Insurance Investigator,0,1951,\N,60,"Crime,Drama,Film-Noir"
tt0143920,movie,The Bitter Stems,Los tallos amargos,0,1956,\N,90,"Crime,Drama,Film-Noir"
tt0163738,movie,The Master Plan,The Master Plan,0,1954,\N,78,"Crime,Drama,Film-Noir"
tt0177817,movie,The Gorbals Story,The Gorbals Story,0,1950,\N,74,"Crime,Drama,Film-Noir"
tt0190738,movie,Scandal Incorporated,Scandal Incorporated,0,1956,\N,79,"Crime,Drama,Film-Noir"
tt0201477,movie,The Beast Must Die,La bestia debe morir,0,1952,\N,95,"Film-Noir,Mystery,Thriller"
tt0218317,movie,Hammer the Toff,Hammer the Toff,0,1952,\N,71,"Crime,Drama,Film-Noir"
tt0256432,movie,The Third Visitor,The Third Visitor,0,1951,\N,85,"Crime,Drama,Film-Noir"
